observation_date,kesonia_rate_percent,source_url,retrieved_as_of
2025-09-01,9.5922,https://www.centralbank.go.ke/kesonia/,2026-09-02
2025-09-02,9.5419,https://www.centralbank.go.ke/kesonia/,2026-09-02
2025-09-03,9.5179,https://www.centralbank.go.ke/kesonia/,2026-09-02
2025-09-04,9.4793,https://www.centralbank.go.ke/kesonia/,2026-09-02
2025-09-05,9.4618,https://www.centralbank.go.ke/kesonia/,2026-09-02
2025-09-08,9.4632,https://www.centralbank.go.ke/kesonia/,2026-09-02
2025-09-09,9.4551,https://www.centralbank.go.ke/kesonia/,2026-09-02
2025-09-10,9.4576,https://www.centralbank.go.ke/kesonia/,2026-09-02
2025-09-11,9.4487,https://www.centralbank.go.ke/kesonia/,2026-09-02
2025-09-12,9.4552,https://www.centralbank.go.ke/kesonia/,2026-09-02
2025-09-15,9.4673,https://www.centralbank.go.ke/kesonia/,2026-09-02
2025-09-16,9.4407,https://www.centralbank.go.ke/kesonia/,2026-09-02
2025-09-17,9.4103,https://www.centralbank.go.ke/kesonia/,2026-09-02
2025-09-18,9.5020,https://www.centralbank.go.ke/kesonia/,2026-09-02
2025-09-19,9.4255,https://www.centralbank.go.ke/kesonia/,2026-09-02
2025-09-22,9.4751,https://www.centralbank.go.ke/kesonia/,2026-09-02
2025-09-23,9.4736,https://www.centralbank.go.ke/kesonia/,2026-09-02
2025-09-24,9.4817,https://www.centralbank.go.ke/kesonia/,2026-09-02
2025-09-25,9.4813,https://www.centralbank.go.ke/kesonia/,2026-09-02
2025-09-26,9.4863,https://www.centralbank.go.ke/kesonia/,2026-09-02
2025-09-29,9.5153,https://www.centralbank.go.ke/kesonia/,2026-09-02
2025-09-30,9.5088,https://www.centralbank.go.ke/kesonia/,2026-09-02
2025-10-01,9.5097,https://www.centralbank.go.ke/kesonia/,2026-09-02
2025-10-02,9.5133,https://www.centralbank.go.ke/kesonia/,2026-09-02
2025-10-03,9.5399,https://www.centralbank.go.ke/kesonia/,2026-09-02
2025-10-06,9.5136,https://www.centralbank.go.ke/kesonia/,2026-09-02
2025-10-07,9.5312,https://www.centralbank.go.ke/kesonia/,2026-09-02
2025-10-08,9.2915,https://www.centralbank.go.ke/kesonia/,2026-09-02
2025-10-09,9.2981,https://www.centralbank.go.ke/kesonia/,2026-09-02
2025-10-13,9.2662,https://www.centralbank.go.ke/kesonia/,2026-09-02
2025-10-14,9.2195,https://www.centralbank.go.ke/kesonia/,2026-09-02
2025-10-15,9.2302,https://www.centralbank.go.ke/kesonia/,2026-09-02
2025-10-16,9.2281,https://www.centralbank.go.ke/kesonia/,2026-09-02
2025-10-21,9.2440,https://www.centralbank.go.ke/kesonia/,2026-09-02
2025-10-22,9.2469,https://www.centralbank.go.ke/kesonia/,2026-09-02
2025-10-23,9.2626,https://www.centralbank.go.ke/kesonia/,2026-09-02
2025-10-24,9.2572,https://www.centralbank.go.ke/kesonia/,2026-09-02
2025-10-27,9.2581,https://www.centralbank.go.ke/kesonia/,2026-09-02
2025-10-28,9.2621,https://www.centralbank.go.ke/kesonia/,2026-09-02
2025-10-29,9.2534,https://www.centralbank.go.ke/kesonia/,2026-09-02
2025-10-30,9.2583,https://www.centralbank.go.ke/kesonia/,2026-09-02
2025-10-31,9.2430,https://www.centralbank.go.ke/kesonia/,2026-09-02
2025-11-03,9.2440,https://www.centralbank.go.ke/kesonia/,2026-09-02
2025-11-04,9.2522,https://www.centralbank.go.ke/kesonia/,2026-09-02
2025-11-05,9.2476,https://www.centralbank.go.ke/kesonia/,2026-09-02
2025-11-06,9.2453,https://www.centralbank.go.ke/kesonia/,2026-09-02
2025-11-07,9.2424,https://www.centralbank.go.ke/kesonia/,2026-09-02
2025-11-10,9.2320,https://www.centralbank.go.ke/kesonia/,2026-09-02
2025-11-11,9.2278,https://www.centralbank.go.ke/kesonia/,2026-09-02
2025-11-12,9.2282,https://www.centralbank.go.ke/kesonia/,2026-09-02
2025-11-13,9.2265,https://www.centralbank.go.ke/kesonia/,2026-09-02
2025-11-14,9.2171,https://www.centralbank.go.ke/kesonia/,2026-09-02
2025-11-17,9.2374,https://www.centralbank.go.ke/kesonia/,2026-09-02
2025-11-18,9.2394,https://www.centralbank.go.ke/kesonia/,2026-09-02
2025-11-19,9.2433,https://www.centralbank.go.ke/kesonia/,2026-09-02
2025-11-20,9.2455,https://www.centralbank.go.ke/kesonia/,2026-09-02
2025-11-21,9.2482,https://www.centralbank.go.ke/kesonia/,2026-09-02
2025-11-24,9.2479,https://www.centralbank.go.ke/kesonia/,2026-09-02
2025-11-25,9.2453,https://www.centralbank.go.ke/kesonia/,2026-09-02
2025-11-26,9.2531,https://www.centralbank.go.ke/kesonia/,2026-09-02
2025-11-27,9.2475,https://www.centralbank.go.ke/kesonia/,2026-09-02
2025-11-28,9.2505,https://www.centralbank.go.ke/kesonia/,2026-09-02
2025-12-01,9.2519,https://www.centralbank.go.ke/kesonia/,2026-09-02
2025-12-02,9.2472,https://www.centralbank.go.ke/kesonia/,2026-09-02
2025-12-03,9.2370,https://www.centralbank.go.ke/kesonia/,2026-09-02
2025-12-04,9.2427,https://www.centralbank.go.ke/kesonia/,2026-09-02
2025-12-05,9.2493,https://www.centralbank.go.ke/kesonia/,2026-09-02
2025-12-08,9.2518,https://www.centralbank.go.ke/kesonia/,2026-09-02
2025-12-09,9.2476,https://www.centralbank.go.ke/kesonia/,2026-09-02
2025-12-10,9.0535,https://www.centralbank.go.ke/kesonia/,2026-09-02
2025-12-11,9.0168,https://www.centralbank.go.ke/kesonia/,2026-09-02
2025-12-15,9.0135,https://www.centralbank.go.ke/kesonia/,2026-09-02
2025-12-16,8.9886,https://www.centralbank.go.ke/kesonia/,2026-09-02
2025-12-17,8.9818,https://www.centralbank.go.ke/kesonia/,2026-09-02
2025-12-18,8.9761,https://www.centralbank.go.ke/kesonia/,2026-09-02
2025-12-19,8.9870,https://www.centralbank.go.ke/kesonia/,2026-09-02
2025-12-22,8.9935,https://www.centralbank.go.ke/kesonia/,2026-09-02
2025-12-23,9.0054,https://www.centralbank.go.ke/kesonia/,2026-09-02
2025-12-24,8.9991,https://www.centralbank.go.ke/kesonia/,2026-09-02
2025-12-29,8.9883,https://www.centralbank.go.ke/kesonia/,2026-09-02
2025-12-30,8.9955,https://www.centralbank.go.ke/kesonia/,2026-09-02
2025-12-31,8.9884,https://www.centralbank.go.ke/kesonia/,2026-09-02
2026-01-02,9,https://www.centralbank.go.ke/kesonia/,2026-09-02
2026-01-05,8.9886,https://www.centralbank.go.ke/kesonia/,2026-09-02
2026-01-06,8.9777,https://www.centralbank.go.ke/kesonia/,2026-09-02
2026-01-07,8.9716,https://www.centralbank.go.ke/kesonia/,2026-09-02
2026-01-08,8.9675,https://www.centralbank.go.ke/kesonia/,2026-09-02
2026-01-09,8.9818,https://www.centralbank.go.ke/kesonia/,2026-09-02
2026-01-12,8.9828,https://www.centralbank.go.ke/kesonia/,2026-09-02
2026-01-13,8.9888,https://www.centralbank.go.ke/kesonia/,2026-09-02
2026-01-14,8.9903,https://www.centralbank.go.ke/kesonia/,2026-09-02
2026-01-15,8.9985,https://www.centralbank.go.ke/kesonia/,2026-09-02
2026-01-16,9.0017,https://www.centralbank.go.ke/kesonia/,2026-09-02
2026-01-19,8.9897,https://www.centralbank.go.ke/kesonia/,2026-09-02
2026-01-20,8.9866,https://www.centralbank.go.ke/kesonia/,2026-09-02
2026-01-21,8.9897,https://www.centralbank.go.ke/kesonia/,2026-09-02
2026-01-22,8.9837,https://www.centralbank.go.ke/kesonia/,2026-09-02
2026-01-23,8.9845,https://www.centralbank.go.ke/kesonia/,2026-09-02
2026-01-26,8.9894,https://www.centralbank.go.ke/kesonia/,2026-09-02
2026-01-27,8.9819,https://www.centralbank.go.ke/kesonia/,2026-09-02
2026-01-28,8.9823,https://www.centralbank.go.ke/kesonia/,2026-09-02
2026-01-29,8.9878,https://www.centralbank.go.ke/kesonia/,2026-09-02
2026-01-30,8.9957,https://www.centralbank.go.ke/kesonia/,2026-09-02
2026-02-02,8.9773,https://www.centralbank.go.ke/kesonia/,2026-09-02
2026-02-03,8.9941,https://www.centralbank.go.ke/kesonia/,2026-09-02
2026-02-04,8.9860,https://www.centralbank.go.ke/kesonia/,2026-09-02
2026-02-05,8.9917,https://www.centralbank.go.ke/kesonia/,2026-09-02
2026-02-06,8.9942,https://www.centralbank.go.ke/kesonia/,2026-09-02
2026-02-09,8.9995,https://www.centralbank.go.ke/kesonia/,2026-09-02
2026-02-10,9.0077,https://www.centralbank.go.ke/kesonia/,2026-09-02
2026-02-11,8.8098,https://www.centralbank.go.ke/kesonia/,2026-09-02
2026-02-12,8.7812,https://www.centralbank.go.ke/kesonia/,2026-09-02
2026-02-13,8.7653,https://www.centralbank.go.ke/kesonia/,2026-09-02
2026-02-16,8.7815,https://www.centralbank.go.ke/kesonia/,2026-09-02
2026-02-17,8.7708,https://www.centralbank.go.ke/kesonia/,2026-09-02
2026-02-18,8.7822,https://www.centralbank.go.ke/kesonia/,2026-09-02
2026-02-19,8.7660,https://www.centralbank.go.ke/kesonia/,2026-09-02
2026-02-20,8.7756,https://www.centralbank.go.ke/kesonia/,2026-09-02
2026-02-23,8.7675,https://www.centralbank.go.ke/kesonia/,2026-09-02
2026-02-24,8.7682,https://www.centralbank.go.ke/kesonia/,2026-09-02
2026-02-25,8.7693,https://www.centralbank.go.ke/kesonia/,2026-09-02
2026-02-26,8.7695,https://www.centralbank.go.ke/kesonia/,2026-09-02
2026-02-27,8.7637,https://www.centralbank.go.ke/kesonia/,2026-09-02
2026-03-02,8.7580,https://www.centralbank.go.ke/kesonia/,2026-09-02
2026-03-03,8.7403,https://www.centralbank.go.ke/kesonia/,2026-09-02
2026-03-04,8.7256,https://www.centralbank.go.ke/kesonia/,2026-09-02
2026-03-05,8.7152,https://www.centralbank.go.ke/kesonia/,2026-09-02
2026-03-06,8.6778,https://www.centralbank.go.ke/kesonia/,2026-09-02
2026-03-09,8.6682,https://www.centralbank.go.ke/kesonia/,2026-09-02
2026-03-10,8.6637,https://www.centralbank.go.ke/kesonia/,2026-09-02
2026-03-11,8.6655,https://www.centralbank.go.ke/kesonia/,2026-09-02
2026-03-12,8.6636,https://www.centralbank.go.ke/kesonia/,2026-09-02
2026-03-13,8.6718,https://www.centralbank.go.ke/kesonia/,2026-09-02
2026-03-16,8.6741,https://www.centralbank.go.ke/kesonia/,2026-09-02
2026-03-17,8.6765,https://www.centralbank.go.ke/kesonia/,2026-09-02
2026-03-18,8.6819,https://www.centralbank.go.ke/kesonia/,2026-09-02
2026-03-19,8.6837,https://www.centralbank.go.ke/kesonia/,2026-09-02
2026-03-23,8.6951,https://www.centralbank.go.ke/kesonia/,2026-09-02
2026-03-24,8.7149,https://www.centralbank.go.ke/kesonia/,2026-09-02
2026-03-25,8.7119,https://www.centralbank.go.ke/kesonia/,2026-09-02
2026-03-26,8.7306,https://www.centralbank.go.ke/kesonia/,2026-09-02
2026-03-27,8.7348,https://www.centralbank.go.ke/kesonia/,2026-09-02
2026-03-30,8.7368,https://www.centralbank.go.ke/kesonia/,2026-09-02
2026-03-31,8.7406,https://www.centralbank.go.ke/kesonia/,2026-09-02
2026-04-01,8.7393,https://www.centralbank.go.ke/kesonia/,2026-09-02
2026-04-02,8.7478,https://www.centralbank.go.ke/kesonia/,2026-09-02
2026-04-07,8.7484,https://www.centralbank.go.ke/kesonia/,2026-09-02
2026-04-08,8.7495,https://www.centralbank.go.ke/kesonia/,2026-09-02
2026-04-09,8.7498,https://www.centralbank.go.ke/kesonia/,2026-09-02
2026-04-10,8.7515,https://www.centralbank.go.ke/kesonia/,2026-09-02
2026-04-13,8.7515,https://www.centralbank.go.ke/kesonia/,2026-09-02
2026-04-14,8.7533,https://www.centralbank.go.ke/kesonia/,2026-09-02
2026-04-15,8.7575,https://www.centralbank.go.ke/kesonia/,2026-09-02
2026-04-16,8.7583,https://www.centralbank.go.ke/kesonia/,2026-09-02
2026-04-17,8.7519,https://www.centralbank.go.ke/kesonia/,2026-09-02
2026-04-20,8.7584,https://www.centralbank.go.ke/kesonia/,2026-09-02
2026-04-21,8.7501,https://www.centralbank.go.ke/kesonia/,2026-09-02
2026-04-22,8.7571,https://www.centralbank.go.ke/kesonia/,2026-09-02
2026-04-23,8.7580,https://www.centralbank.go.ke/kesonia/,2026-09-02
2026-04-24,8.7558,https://www.centralbank.go.ke/kesonia/,2026-09-02
2026-04-27,8.7543,https://www.centralbank.go.ke/kesonia/,2026-09-02
2026-04-28,8.7481,https://www.centralbank.go.ke/kesonia/,2026-09-02
2026-04-29,8.7494,https://www.centralbank.go.ke/kesonia/,2026-09-02
2026-04-30,8.7478,https://www.centralbank.go.ke/kesonia/,2026-09-02
2026-05-04,8.7471,https://www.centralbank.go.ke/kesonia/,2026-09-02
2026-05-05,8.7513,https://www.centralbank.go.ke/kesonia/,2026-09-02
2026-05-06,8.7510,https://www.centralbank.go.ke/kesonia/,2026-09-02
2026-05-07,8.7513,https://www.centralbank.go.ke/kesonia/,2026-09-02
2026-05-08,8.7514,https://www.centralbank.go.ke/kesonia/,2026-09-02
2026-05-11,8.7544,https://www.centralbank.go.ke/kesonia/,2026-09-02
2026-05-12,8.7398,https://www.centralbank.go.ke/kesonia/,2026-09-02
2026-05-13,8.7447,https://www.centralbank.go.ke/kesonia/,2026-09-02
2026-05-14,8.7473,https://www.centralbank.go.ke/kesonia/,2026-09-02
2026-05-15,8.7474,https://www.centralbank.go.ke/kesonia/,2026-09-02
2026-05-18,8.7470,https://www.centralbank.go.ke/kesonia/,2026-09-02
2026-05-19,8.7499,https://www.centralbank.go.ke/kesonia/,2026-09-02
2026-05-20,8.7526,https://www.centralbank.go.ke/kesonia/,2026-09-02
2026-05-21,8.7522,https://www.centralbank.go.ke/kesonia/,2026-09-02
2026-05-22,8.7482,https://www.centralbank.go.ke/kesonia/,2026-09-02
2026-05-25,8.7474,https://www.centralbank.go.ke/kesonia/,2026-09-02
2026-05-26,8.7489,https://www.centralbank.go.ke/kesonia/,2026-09-02
2026-05-28,8.7504,https://www.centralbank.go.ke/kesonia/,2026-09-02
2026-05-29,8.7505,https://www.centralbank.go.ke/kesonia/,2026-09-02
2026-06-02,8.7503,https://www.centralbank.go.ke/kesonia/,2026-09-02
2026-06-03,8.7478,https://www.centralbank.go.ke/kesonia/,2026-09-02
2026-06-04,8.7496,https://www.centralbank.go.ke/kesonia/,2026-09-02
2026-06-05,8.7458,https://www.centralbank.go.ke/kesonia/,2026-09-02
2026-06-08,8.7495,https://www.centralbank.go.ke/kesonia/,2026-09-02
2026-06-09,8.7483,https://www.centralbank.go.ke/kesonia/,2026-09-02
2026-06-10,8.7507,https://www.centralbank.go.ke/kesonia/,2026-09-02
2026-06-11,8.7498,https://www.centralbank.go.ke/kesonia/,2026-09-02
2026-06-12,8.7499,https://www.centralbank.go.ke/kesonia/,2026-09-02
2026-06-15,8.7500,https://www.centralbank.go.ke/kesonia/,2026-09-02
2026-06-16,8.7529,https://www.centralbank.go.ke/kesonia/,2026-09-02
2026-06-17,8.7516,https://www.centralbank.go.ke/kesonia/,2026-09-02
2026-06-18,8.7499,https://www.centralbank.go.ke/kesonia/,2026-09-02
2026-06-19,8.7470,https://www.centralbank.go.ke/kesonia/,2026-09-02
2026-06-22,8.7497,https://www.centralbank.go.ke/kesonia/,2026-09-02
2026-06-23,8.7504,https://www.centralbank.go.ke/kesonia/,2026-09-02
2026-06-24,8.7507,https://www.centralbank.go.ke/kesonia/,2026-09-02
2026-06-25,8.7514,https://www.centralbank.go.ke/kesonia/,2026-09-02
2026-06-26,8.7510,https://www.centralbank.go.ke/kesonia/,2026-09-02
2026-06-29,8.7563,https://www.centralbank.go.ke/kesonia/,2026-09-02
2026-06-30,8.7504,https://www.centralbank.go.ke/kesonia/,2026-09-02
2026-07-01,8.7514,https://www.centralbank.go.ke/kesonia/,2026-09-02
2026-07-02,8.7489,https://www.centralbank.go.ke/kesonia/,2026-09-02
2026-07-03,8.7503,https://www.centralbank.go.ke/kesonia/,2026-09-02
2026-07-06,8.7501,https://www.centralbank.go.ke/kesonia/,2026-09-02
2026-07-07,8.7505,https://www.centralbank.go.ke/kesonia/,2026-09-02
2026-07-08,8.7494,https://www.centralbank.go.ke/kesonia/,2026-09-02
2026-07-09,8.7509,https://www.centralbank.go.ke/kesonia/,2026-09-02
2026-07-10,8.7496,https://www.centralbank.go.ke/kesonia/,2026-09-02
2026-07-13,8.7492,https://www.centralbank.go.ke/kesonia/,2026-09-02
2026-07-14,8.7501,https://www.centralbank.go.ke/kesonia/,2026-09-02
2026-07-15,8.7503,https://www.centralbank.go.ke/kesonia/,2026-09-02
2026-07-16,8.7469,https://www.centralbank.go.ke/kesonia/,2026-09-02
2026-07-17,8.7564,https://www.centralbank.go.ke/kesonia/,2026-09-02
2026-07-20,8.7503,https://www.centralbank.go.ke/kesonia/,2026-09-02
2026-07-21,8.7500,https://www.centralbank.go.ke/kesonia/,2026-09-02
2026-07-22,8.75,https://www.centralbank.go.ke/kesonia/,2026-09-02
2026-07-23,8.7500,https://www.centralbank.go.ke/kesonia/,2026-09-02
2026-07-24,8.7532,https://www.centralbank.go.ke/kesonia/,2026-09-02
2026-07-27,8.7519,https://www.centralbank.go.ke/kesonia/,2026-09-02
2026-07-28,8.7506,https://www.centralbank.go.ke/kesonia/,2026-09-02
2026-07-29,8.7508,https://www.centralbank.go.ke/kesonia/,2026-09-02
2026-07-30,8.7505,https://www.centralbank.go.ke/kesonia/,2026-09-02
2026-07-31,8.7500,https://www.centralbank.go.ke/kesonia/,2026-09-02
2026-08-03,8.7509,https://www.centralbank.go.ke/kesonia/,2026-09-02
2026-08-04,8.7503,https://www.centralbank.go.ke/kesonia/,2026-09-02
2026-08-05,8.7517,https://www.centralbank.go.ke/kesonia/,2026-09-02
2026-08-06,8.7541,https://www.centralbank.go.ke/kesonia/,2026-09-02
2026-08-07,8.7504,https://www.centralbank.go.ke/kesonia/,2026-09-02
2026-08-10,8.7510,https://www.centralbank.go.ke/kesonia/,2026-09-02
2026-08-11,8.7495,https://www.centralbank.go.ke/kesonia/,2026-09-02
2026-08-12,8.7502,https://www.centralbank.go.ke/kesonia/,2026-09-02
2026-08-13,8.7482,https://www.centralbank.go.ke/kesonia/,2026-09-02
2026-08-14,8.7494,https://www.centralbank.go.ke/kesonia/,2026-09-02
2026-08-17,8.7526,https://www.centralbank.go.ke/kesonia/,2026-09-02
2026-08-18,8.7500,https://www.centralbank.go.ke/kesonia/,2026-09-02
2026-08-19,8.7501,https://www.centralbank.go.ke/kesonia/,2026-09-02
2026-08-20,8.75,https://www.centralbank.go.ke/kesonia/,2026-09-02
2026-08-21,8.7508,https://www.centralbank.go.ke/kesonia/,2026-09-02
2026-08-24,8.7506,https://www.centralbank.go.ke/kesonia/,2026-09-02
2026-08-25,8.7501,https://www.centralbank.go.ke/kesonia/,2026-09-02
2026-08-26,8.7500,https://www.centralbank.go.ke/kesonia/,2026-09-02
2026-08-27,8.7500,https://www.centralbank.go.ke/kesonia/,2026-09-02
2026-08-28,8.7511,https://www.centralbank.go.ke/kesonia/,2026-09-02
2026-08-31,8.7502,https://www.centralbank.go.ke/kesonia/,2026-09-02
2026-09-01,8.7500,https://www.centralbank.go.ke/kesonia/,2026-09-02
