observation_date,kesonia_index,source_url,retrieved_as_of
2025-09-01,100.00000000,https://www.centralbank.go.ke/kesonia-compounded-index/,2026-09-02
2025-09-02,100.02628000,https://www.centralbank.go.ke/kesonia-compounded-index/,2026-09-02
2025-09-03,100.05242906,https://www.centralbank.go.ke/kesonia-compounded-index/,2026-09-02
2025-09-04,100.07851917,https://www.centralbank.go.ke/kesonia-compounded-index/,2026-09-02
2025-09-05,100.10451025,https://www.centralbank.go.ke/kesonia-compounded-index/,2026-09-02
2025-09-08,100.18235974,https://www.centralbank.go.ke/kesonia-compounded-index/,2026-09-02
2025-09-09,100.20833360,https://www.centralbank.go.ke/kesonia-compounded-index/,2026-09-02
2025-09-10,100.23429195,https://www.centralbank.go.ke/kesonia-compounded-index/,2026-09-02
2025-09-11,100.26026389,https://www.centralbank.go.ke/kesonia-compounded-index/,2026-09-02
2025-09-12,100.28621811,https://www.centralbank.go.ke/kesonia-compounded-index/,2026-09-02
2025-09-15,100.36415452,https://www.centralbank.go.ke/kesonia-compounded-index/,2026-09-02
2025-09-16,100.39018678,https://www.centralbank.go.ke/kesonia-compounded-index/,2026-09-02
2025-09-17,100.41615263,https://www.centralbank.go.ke/kesonia-compounded-index/,2026-09-02
2025-09-18,100.44204157,https://www.centralbank.go.ke/kesonia-compounded-index/,2026-09-02
2025-09-19,100.46818952,https://www.centralbank.go.ke/kesonia-compounded-index/,2026-09-02
2025-09-22,100.54602209,https://www.centralbank.go.ke/kesonia-compounded-index/,2026-09-02
2025-09-23,100.57212301,https://www.centralbank.go.ke/kesonia-compounded-index/,2026-09-02
2025-09-24,100.59822657,https://www.centralbank.go.ke/kesonia-compounded-index/,2026-09-02
2025-09-25,100.62435924,https://www.centralbank.go.ke/kesonia-compounded-index/,2026-09-02
2025-09-26,100.65049759,https://www.centralbank.go.ke/kesonia-compounded-index/,2026-09-02
2025-09-29,100.72897437,https://www.centralbank.go.ke/kesonia-compounded-index/,2026-09-02
2025-09-30,100.75523372,https://www.centralbank.go.ke/kesonia-compounded-index/,2026-09-02
2025-10-01,100.78148198,https://www.centralbank.go.ke/kesonia-compounded-index/,2026-09-02
2025-10-02,100.80773956,https://www.centralbank.go.ke/kesonia-compounded-index/,2026-09-02
2025-10-03,100.83401392,https://www.centralbank.go.ke/kesonia-compounded-index/,2026-09-02
2025-10-06,100.91307801,https://www.centralbank.go.ke/kesonia-compounded-index/,2026-09-02
2025-10-07,100.93938066,https://www.centralbank.go.ke/kesonia-compounded-index/,2026-09-02
2025-10-08,100.96573883,https://www.centralbank.go.ke/kesonia-compounded-index/,2026-09-02
2025-10-09,100.99144084,https://www.centralbank.go.ke/kesonia-compounded-index/,2026-09-02
2025-10-13,101.09434807,https://www.centralbank.go.ke/kesonia-compounded-index/,2026-09-02
2025-10-14,101.12001274,https://www.centralbank.go.ke/kesonia-compounded-index/,2026-09-02
2025-10-15,101.14555455,https://www.centralbank.go.ke/kesonia-compounded-index/,2026-09-02
2025-10-16,101.17113246,https://www.centralbank.go.ke/kesonia-compounded-index/,2026-09-02
2025-10-21,101.29902524,https://www.centralbank.go.ke/kesonia-compounded-index/,2026-09-02
2025-10-22,101.32468026,https://www.centralbank.go.ke/kesonia-compounded-index/,2026-09-02
2025-10-23,101.35034983,https://www.centralbank.go.ke/kesonia-compounded-index/,2026-09-02
2025-10-24,101.37606949,https://www.centralbank.go.ke/kesonia-compounded-index/,2026-09-02
2025-10-27,101.45320307,https://www.centralbank.go.ke/kesonia-compounded-index/,2026-09-02
2025-10-28,101.47893633,https://www.centralbank.go.ke/kesonia-compounded-index/,2026-09-02
2025-10-29,101.50468723,https://www.centralbank.go.ke/kesonia-compounded-index/,2026-09-02
2025-10-30,101.53042048,https://www.centralbank.go.ke/kesonia-compounded-index/,2026-09-02
2025-10-31,101.55617388,https://www.centralbank.go.ke/kesonia-compounded-index/,2026-09-02
2025-11-03,101.63332597,https://www.centralbank.go.ke/kesonia-compounded-index/,2026-09-02
2025-11-04,101.65906565,https://www.centralbank.go.ke/kesonia-compounded-index/,2026-09-02
2025-11-05,101.68483469,https://www.centralbank.go.ke/kesonia-compounded-index/,2026-09-02
2025-11-06,101.71059745,https://www.centralbank.go.ke/kesonia-compounded-index/,2026-09-02
2025-11-07,101.73636033,https://www.centralbank.go.ke/kesonia-compounded-index/,2026-09-02
2025-11-10,101.81364428,https://www.centralbank.go.ke/kesonia-compounded-index/,2026-09-02
2025-11-11,101.83939616,https://www.centralbank.go.ke/kesonia-compounded-index/,2026-09-02
2025-11-12,101.86514283,https://www.centralbank.go.ke/kesonia-compounded-index/,2026-09-02
2025-11-13,101.89089713,https://www.centralbank.go.ke/kesonia-compounded-index/,2026-09-02
2025-11-14,101.91665320,https://www.centralbank.go.ke/kesonia-compounded-index/,2026-09-02
2025-11-17,101.99386218,https://www.centralbank.go.ke/kesonia-compounded-index/,2026-09-02
2025-11-18,102.01967473,https://www.centralbank.go.ke/kesonia-compounded-index/,2026-09-02
2025-11-19,102.04549941,https://www.centralbank.go.ke/kesonia-compounded-index/,2026-09-02
2025-11-20,102.07134152,https://www.centralbank.go.ke/kesonia-compounded-index/,2026-09-02
2025-11-21,102.09719633,https://www.centralbank.go.ke/kesonia-compounded-index/,2026-09-02
2025-11-25,102.20069080,https://www.centralbank.go.ke/kesonia-compounded-index/,2026-09-02
2025-11-26,102.22657782,https://www.centralbank.go.ke/kesonia-compounded-index/,2026-09-02
2025-11-27,102.25249324,https://www.centralbank.go.ke/kesonia-compounded-index/,2026-09-02
2025-11-28,102.27839954,https://www.centralbank.go.ke/kesonia-compounded-index/,2026-09-02
2025-11-24,102.17480307,https://www.centralbank.go.ke/kesonia-compounded-index/,2026-09-02
2025-12-01,102.35616334,https://www.centralbank.go.ke/kesonia-compounded-index/,2026-09-02
2025-12-02,102.38210825,https://www.centralbank.go.ke/kesonia-compounded-index/,2026-09-02
2025-12-03,102.40804655,https://www.centralbank.go.ke/kesonia-compounded-index/,2026-09-02
2025-12-04,102.43396280,https://www.centralbank.go.ke/kesonia-compounded-index/,2026-09-02
2025-12-05,102.45990160,https://www.centralbank.go.ke/kesonia-compounded-index/,2026-09-02
2025-12-08,102.53779330,https://www.centralbank.go.ke/kesonia-compounded-index/,2026-09-02
2025-12-09,102.56378396,https://www.centralbank.go.ke/kesonia-compounded-index/,2026-09-02
2025-12-10,102.58976941,https://www.centralbank.go.ke/kesonia-compounded-index/,2026-09-02
2025-12-11,102.61521589,https://www.centralbank.go.ke/kesonia-compounded-index/,2026-09-02
2025-12-15,102.71661434,https://www.centralbank.go.ke/kesonia-compounded-index/,2026-09-02
2025-12-16,102.74197972,https://www.centralbank.go.ke/kesonia-compounded-index/,2026-09-02
2025-12-17,102.76728127,https://www.centralbank.go.ke/kesonia-compounded-index/,2026-09-02
2025-12-18,102.79256990,https://www.centralbank.go.ke/kesonia-compounded-index/,2026-09-02
2025-12-19,102.81784871,https://www.centralbank.go.ke/kesonia-compounded-index/,2026-09-02
2025-12-22,102.89379589,https://www.centralbank.go.ke/kesonia-compounded-index/,2026-09-02
2025-12-23,102.91914864,https://www.centralbank.go.ke/kesonia-compounded-index/,2026-09-02
2025-12-24,102.94454119,https://www.centralbank.go.ke/kesonia-compounded-index/,2026-09-02
2025-12-29,103.07144642,https://www.centralbank.go.ke/kesonia-compounded-index/,2026-09-02
2025-12-30,103.09682826,https://www.centralbank.go.ke/kesonia-compounded-index/,2026-09-02
2025-12-31,103.12223669,https://www.centralbank.go.ke/kesonia-compounded-index/,2026-09-02
2026-01-02,103.17302594,https://www.centralbank.go.ke/kesonia-compounded-index/,2026-09-02
2026-01-05,103.24934571,https://www.centralbank.go.ke/kesonia-compounded-index/,2026-09-02
2026-01-06,103.27477221,https://www.centralbank.go.ke/kesonia-compounded-index/,2026-09-02
2026-01-07,103.30017412,https://www.centralbank.go.ke/kesonia-compounded-index/,2026-09-02
2026-01-08,103.32556502,https://www.centralbank.go.ke/kesonia-compounded-index/,2026-09-02
2026-01-09,103.35095056,https://www.centralbank.go.ke/kesonia-compounded-index/,2026-09-02
2026-01-12,103.42724734,https://www.centralbank.go.ke/kesonia-compounded-index/,2026-09-02
2026-01-13,103.45270122,https://www.centralbank.go.ke/kesonia-compounded-index/,2026-09-02
2026-01-14,103.47817836,https://www.centralbank.go.ke/kesonia-compounded-index/,2026-09-02
2026-01-15,103.50366602,https://www.centralbank.go.ke/kesonia-compounded-index/,2026-09-02
2026-01-16,103.52918322,https://www.centralbank.go.ke/kesonia-compounded-index/,2026-09-02
2026-01-19,103.60578092,https://www.centralbank.go.ke/kesonia-compounded-index/,2026-09-02
2026-01-20,103.63129831,https://www.centralbank.go.ke/kesonia-compounded-index/,2026-09-02
2026-01-21,103.65681319,https://www.centralbank.go.ke/kesonia-compounded-index/,2026-09-02
2026-01-22,103.68234315,https://www.centralbank.go.ke/kesonia-compounded-index/,2026-09-02
2026-01-23,103.70786236,https://www.centralbank.go.ke/kesonia-compounded-index/,2026-09-02
2026-01-26,103.78444565,https://www.centralbank.go.ke/kesonia-compounded-index/,2026-09-02
2026-01-27,103.81000619,https://www.centralbank.go.ke/kesonia-compounded-index/,2026-09-02
2026-01-28,103.83555170,https://www.centralbank.go.ke/kesonia-compounded-index/,2026-09-02
2026-01-29,103.86110463,https://www.centralbank.go.ke/kesonia-compounded-index/,2026-09-02
2026-01-30,103.88667951,https://www.centralbank.go.ke/kesonia-compounded-index/,2026-09-02
2026-02-02,103.96349047,https://www.centralbank.go.ke/kesonia-compounded-index/,2026-09-02
2026-02-03,103.98906065,https://www.centralbank.go.ke/kesonia-compounded-index/,2026-09-02
2026-02-04,104.01468498,https://www.centralbank.go.ke/kesonia-compounded-index/,2026-09-02
2026-02-05,104.04029254,https://www.centralbank.go.ke/kesonia-compounded-index/,2026-09-02
2026-02-06,104.06592265,https://www.centralbank.go.ke/kesonia-compounded-index/,2026-09-02
2026-02-09,104.14285331,https://www.centralbank.go.ke/kesonia-compounded-index/,2026-09-02
2026-02-10,104.16853094,https://www.centralbank.go.ke/kesonia-compounded-index/,2026-09-02
2026-02-11,104.19423831,https://www.centralbank.go.ke/kesonia-compounded-index/,2026-09-02
2026-02-12,104.21938709,https://www.centralbank.go.ke/kesonia-compounded-index/,2026-09-02
2026-02-13,104.24446027,https://www.centralbank.go.ke/kesonia-compounded-index/,2026-09-02
2026-02-16,104.31956170,https://www.centralbank.go.ke/kesonia-compounded-index/,2026-09-02
2026-02-17,104.34465984,https://www.centralbank.go.ke/kesonia-compounded-index/,2026-09-02
2026-02-18,104.36973343,https://www.centralbank.go.ke/kesonia-compounded-index/,2026-09-02
2026-02-19,104.39484565,https://www.centralbank.go.ke/kesonia-compounded-index/,2026-09-02
2026-02-20,104.41991757,https://www.centralbank.go.ke/kesonia-compounded-index/,2026-09-02
2026-02-23,104.49523380,https://www.centralbank.go.ke/kesonia-compounded-index/,2026-09-02
2026-02-24,104.52033413,https://www.centralbank.go.ke/kesonia-compounded-index/,2026-09-02
2026-02-25,104.54544249,https://www.centralbank.go.ke/kesonia-compounded-index/,2026-09-02
2026-02-26,104.57056003,https://www.centralbank.go.ke/kesonia-compounded-index/,2026-09-02
2026-02-27,104.59568418,https://www.centralbank.go.ke/kesonia-compounded-index/,2026-09-02
2026-03-02,104.67102488,https://www.centralbank.go.ke/kesonia-compounded-index/,2026-09-02
2026-03-03,104.69614019,https://www.centralbank.go.ke/kesonia-compounded-index/,2026-09-02
2026-03-04,104.72121076,https://www.centralbank.go.ke/kesonia-compounded-index/,2026-09-02
2026-03-05,104.74624516,https://www.centralbank.go.ke/kesonia-compounded-index/,2026-09-02
2026-03-06,104.77125569,https://www.centralbank.go.ke/kesonia-compounded-index/,2026-09-02
2026-03-09,104.84598314,https://www.centralbank.go.ke/kesonia-compounded-index/,2026-09-02
2026-03-10,104.87088248,https://www.centralbank.go.ke/kesonia-compounded-index/,2026-09-02
2026-03-11,104.89577481,https://www.centralbank.go.ke/kesonia-compounded-index/,2026-09-02
2026-03-12,104.92067821,https://www.centralbank.go.ke/kesonia-compounded-index/,2026-09-02
2026-03-13,104.94558207,https://www.centralbank.go.ke/kesonia-compounded-index/,2026-09-02
2026-03-16,105.02038211,https://www.centralbank.go.ke/kesonia-compounded-index/,2026-09-02
2026-03-17,105.04533984,https://www.centralbank.go.ke/kesonia-compounded-index/,2026-09-02
2026-03-18,105.07031041,https://www.centralbank.go.ke/kesonia-compounded-index/,2026-09-02
2026-03-19,105.09530247,https://www.centralbank.go.ke/kesonia-compounded-index/,2026-09-02
2026-03-23,105.19531519,https://www.centralbank.go.ke/kesonia-compounded-index/,2026-09-02
2026-03-24,105.22037502,https://www.centralbank.go.ke/kesonia-compounded-index/,2026-09-02
2026-03-25,105.24549789,https://www.centralbank.go.ke/kesonia-compounded-index/,2026-09-02
2026-03-26,105.27061812,https://www.centralbank.go.ke/kesonia-compounded-index/,2026-09-02
2026-03-27,105.29579828,https://www.centralbank.go.ke/kesonia-compounded-index/,2026-09-02
2026-03-30,105.37139316,https://www.centralbank.go.ke/kesonia-compounded-index/,2026-09-02
2026-03-31,105.39661532,https://www.centralbank.go.ke/kesonia-compounded-index/,2026-09-02
2026-04-01,105.42185449,https://www.centralbank.go.ke/kesonia-compounded-index/,2026-09-02
2026-04-02,105.44709594,https://www.centralbank.go.ke/kesonia-compounded-index/,2026-09-02
2026-04-07,105.57345623,https://www.centralbank.go.ke/kesonia-compounded-index/,2026-09-02
2026-04-08,105.59876031,https://www.centralbank.go.ke/kesonia-compounded-index/,2026-09-02
2026-04-09,105.62407363,https://www.centralbank.go.ke/kesonia-compounded-index/,2026-09-02
2026-04-10,105.64939390,https://www.centralbank.go.ke/kesonia-compounded-index/,2026-09-02
2026-04-13,105.72538765,https://www.centralbank.go.ke/kesonia-compounded-index/,2026-09-02
2026-04-14,105.75073712,https://www.centralbank.go.ke/kesonia-compounded-index/,2026-09-02
2026-04-15,105.77609789,https://www.centralbank.go.ke/kesonia-compounded-index/,2026-09-02
2026-04-16,105.80147690,https://www.centralbank.go.ke/kesonia-compounded-index/,2026-09-02
2026-04-17,105.82686433,https://www.centralbank.go.ke/kesonia-compounded-index/,2026-09-02
2026-04-20,105.90298922,https://www.centralbank.go.ke/kesonia-compounded-index/,2026-09-02
2026-04-21,105.92840129,https://www.centralbank.go.ke/kesonia-compounded-index/,2026-09-02
2026-04-22,105.95379538,https://www.centralbank.go.ke/kesonia-compounded-index/,2026-09-02
2026-04-23,105.97921587,https://www.centralbank.go.ke/kesonia-compounded-index/,2026-09-02
2026-04-24,106.00464508,https://www.centralbank.go.ke/kesonia-compounded-index/,2026-09-02
2026-04-27,106.08093183,https://www.centralbank.go.ke/kesonia-compounded-index/,2026-09-02
2026-04-28,106.10637469,https://www.centralbank.go.ke/kesonia-compounded-index/,2026-09-02
2026-04-29,106.13180562,https://www.centralbank.go.ke/kesonia-compounded-index/,2026-09-02
2026-04-30,106.15724643,https://www.centralbank.go.ke/kesonia-compounded-index/,2026-09-02
2026-05-04,106.25901546,https://www.centralbank.go.ke/kesonia-compounded-index/,2026-09-02
2026-05-05,106.28448007,https://www.centralbank.go.ke/kesonia-compounded-index/,2026-09-02
2026-05-06,106.30996301,https://www.centralbank.go.ke/kesonia-compounded-index/,2026-09-02
2026-05-07,106.33545119,https://www.centralbank.go.ke/kesonia-compounded-index/,2026-09-02
2026-05-08,106.36094635,https://www.centralbank.go.ke/kesonia-compounded-index/,2026-09-02
2026-05-11,106.43745105,https://www.centralbank.go.ke/kesonia-compounded-index/,2026-09-02
2026-05-12,106.46297971,https://www.centralbank.go.ke/kesonia-compounded-index/,2026-09-02
2026-05-13,106.48847190,https://www.centralbank.go.ke/kesonia-compounded-index/,2026-09-02
2026-05-14,106.51398450,https://www.centralbank.go.ke/kesonia-compounded-index/,2026-09-02
2026-05-15,106.53951079,https://www.centralbank.go.ke/kesonia-compounded-index/,2026-09-02
2026-05-18,106.61610891,https://www.centralbank.go.ke/kesonia-compounded-index/,2026-09-02
2026-05-19,106.64165880,https://www.centralbank.go.ke/kesonia-compounded-index/,2026-09-02
2026-05-20,106.66722329,https://www.centralbank.go.ke/kesonia-compounded-index/,2026-09-02
2026-05-21,106.69280180,https://www.centralbank.go.ke/kesonia-compounded-index/,2026-09-02
2026-05-22,106.71838527,https://www.centralbank.go.ke/kesonia-compounded-index/,2026-09-02
2026-05-25,106.79511901,https://www.centralbank.go.ke/kesonia-compounded-index/,2026-09-02
2026-05-26,106.82071297,https://www.centralbank.go.ke/kesonia-compounded-index/,2026-09-02
2026-05-28,106.87192194,https://www.centralbank.go.ke/kesonia-compounded-index/,2026-09-02
2026-05-29,106.89754309,https://www.centralbank.go.ke/kesonia-compounded-index/,2026-09-02
2026-06-02,107.00005344,https://www.centralbank.go.ke/kesonia-compounded-index/,2026-09-02
2026-06-03,107.02570502,https://www.centralbank.go.ke/kesonia-compounded-index/,2026-09-02
2026-06-04,107.05135542,https://www.centralbank.go.ke/kesonia-compounded-index/,2026-09-02
2026-06-05,107.07701724,https://www.centralbank.go.ke/kesonia-compounded-index/,2026-09-02
2026-06-08,107.15398772,https://www.centralbank.go.ke/kesonia-compounded-index/,2026-09-02
2026-06-09,107.17967385,https://www.centralbank.go.ke/kesonia-compounded-index/,2026-09-02
2026-06-10,107.20536262,https://www.centralbank.go.ke/kesonia-compounded-index/,2026-09-02
2026-06-11,107.23106459,https://www.centralbank.go.ke/kesonia-compounded-index/,2026-09-02
2026-06-12,107.25677008,https://www.centralbank.go.ke/kesonia-compounded-index/,2026-09-02
2026-06-15,107.33390592,https://www.centralbank.go.ke/kesonia-compounded-index/,2026-09-02
2026-06-16,107.35963665,https://www.centralbank.go.ke/kesonia-compounded-index/,2026-09-02
2026-06-17,107.38538208,https://www.centralbank.go.ke/kesonia-compounded-index/,2026-09-02
2026-06-18,107.41112985,https://www.centralbank.go.ke/kesonia-compounded-index/,2026-09-02
2026-06-19,107.43687880,https://www.centralbank.go.ke/kesonia-compounded-index/,2026-09-02
2026-06-22,107.51411856,https://www.centralbank.go.ke/kesonia-compounded-index/,2026-09-02
2026-06-23,107.53989161,https://www.centralbank.go.ke/kesonia-compounded-index/,2026-09-02
2026-06-24,107.56567290,https://www.centralbank.go.ke/kesonia-compounded-index/,2026-09-02
2026-06-25,107.59146125,https://www.centralbank.go.ke/kesonia-compounded-index/,2026-09-02
2026-06-26,107.61725785,https://www.centralbank.go.ke/kesonia-compounded-index/,2026-09-02
2026-06-29,107.69466267,https://www.centralbank.go.ke/kesonia-compounded-index/,2026-09-02
2026-06-30,107.72049847,https://www.centralbank.go.ke/kesonia-compounded-index/,2026-09-02
2026-07-01,107.74632306,https://www.centralbank.go.ke/kesonia-compounded-index/,2026-09-02
2026-07-02,107.77215679,https://www.centralbank.go.ke/kesonia-compounded-index/,2026-09-02
2026-07-03,107.79798934,https://www.centralbank.go.ke/kesonia-compounded-index/,2026-09-02
2026-07-06,107.87551794,https://www.centralbank.go.ke/kesonia-compounded-index/,2026-09-02
2026-07-07,107.90137881,https://www.centralbank.go.ke/kesonia-compounded-index/,2026-09-02
2026-07-08,107.92724706,https://www.centralbank.go.ke/kesonia-compounded-index/,2026-09-02
2026-07-09,107.95311825,https://www.centralbank.go.ke/kesonia-compounded-index/,2026-09-02
2026-07-10,107.97900009,https://www.centralbank.go.ke/kesonia-compounded-index/,2026-09-02
2026-07-13,108.05665267,https://www.centralbank.go.ke/kesonia-compounded-index/,2026-09-02
2026-07-14,108.08255429,https://www.centralbank.go.ke/kesonia-compounded-index/,2026-09-02
2026-07-15,108.10846479,https://www.centralbank.go.ke/kesonia-compounded-index/,2026-09-02
2026-07-16,108.13438209,https://www.centralbank.go.ke/kesonia-compounded-index/,2026-09-02
2026-07-17,108.16029553,https://www.centralbank.go.ke/kesonia-compounded-index/,2026-09-02
2026-07-20,108.23813894,https://www.centralbank.go.ke/kesonia-compounded-index/,2026-09-02
2026-07-21,108.26408733,https://www.centralbank.go.ke/kesonia-compounded-index/,2026-09-02
2026-07-22,108.29004105,https://www.centralbank.go.ke/kesonia-compounded-index/,2026-09-02
2026-07-23,108.31600099,https://www.centralbank.go.ke/kesonia-compounded-index/,2026-09-02
2026-07-24,108.34196715,https://www.centralbank.go.ke/kesonia-compounded-index/,2026-09-02
2026-07-27,108.41991282,https://www.centralbank.go.ke/kesonia-compounded-index/,2026-09-02
2026-07-28,108.44590954,https://www.centralbank.go.ke/kesonia-compounded-index/,2026-09-02
2026-07-29,108.47190863,https://www.centralbank.go.ke/kesonia-compounded-index/,2026-09-02
2026-07-30,108.49791454,https://www.centralbank.go.ke/kesonia-compounded-index/,2026-09-02
2026-07-31,108.52392580,https://www.centralbank.go.ke/kesonia-compounded-index/,2026-09-02
2026-08-03,108.60197383,https://www.centralbank.go.ke/kesonia-compounded-index/,2026-09-02
2026-08-04,108.62801123,https://www.centralbank.go.ke/kesonia-compounded-index/,2026-09-02
2026-08-05,108.65405309,https://www.centralbank.go.ke/kesonia-compounded-index/,2026-09-02
2026-08-06,108.68010535,https://www.centralbank.go.ke/kesonia-compounded-index/,2026-09-02
2026-08-07,108.70617101,https://www.centralbank.go.ke/kesonia-compounded-index/,2026-09-02
2026-08-10,108.78435368,https://www.centralbank.go.ke/kesonia-compounded-index/,2026-09-02
2026-08-11,108.81043510,https://www.centralbank.go.ke/kesonia-compounded-index/,2026-09-02
2026-08-12,108.83651830,https://www.centralbank.go.ke/kesonia-compounded-index/,2026-09-02
2026-08-13,108.86260984,https://www.centralbank.go.ke/kesonia-compounded-index/,2026-09-02
2026-08-14,108.88870168,https://www.centralbank.go.ke/kesonia-compounded-index/,2026-09-02
2026-08-17,108.96700667,https://www.centralbank.go.ke/kesonia-compounded-index/,2026-09-02
2026-08-18,108.99313666,https://www.centralbank.go.ke/kesonia-compounded-index/,2026-09-02
2026-08-19,109.01926516,https://www.centralbank.go.ke/kesonia-compounded-index/,2026-09-02
2026-08-20,109.04540021,https://www.centralbank.go.ke/kesonia-compounded-index/,2026-09-02
2026-08-21,109.07154123,https://www.centralbank.go.ke/kesonia-compounded-index/,2026-09-02
2026-08-24,109.14999026,https://www.centralbank.go.ke/kesonia-compounded-index/,2026-09-02
2026-08-25,109.17615815,https://www.centralbank.go.ke/kesonia-compounded-index/,2026-09-02
2026-08-26,109.20233082,https://www.centralbank.go.ke/kesonia-compounded-index/,2026-09-02
2026-08-27,109.22850946,https://www.centralbank.go.ke/kesonia-compounded-index/,2026-09-02
2026-08-28,109.25469438,https://www.centralbank.go.ke/kesonia-compounded-index/,2026-09-02
2026-08-31,109.33327783,https://www.centralbank.go.ke/kesonia-compounded-index/,2026-09-02
2026-09-01,109.35948847,https://www.centralbank.go.ke/kesonia-compounded-index/,2026-09-02
2026-09-02,109.38570478,https://www.centralbank.go.ke/kesonia-compounded-index/,2026-09-02
