Category,Value,No. of loans,NPL loans,NPL share,as_of_label,source_url
Unclassified,28.6%,"10,266,642","799,897",7.8%,Jun 2026,https://msmedata.kba.co.ke/kba/loan-performance
Agriculture,26.1%,"29,934","4,285",14.3%,Jun 2026,https://msmedata.kba.co.ke/kba/loan-performance
Trade,25.9%,"167,343","16,248",9.7%,Jun 2026,https://msmedata.kba.co.ke/kba/loan-performance
Energy/Water,22.3%,"2,998",331,11.0%,Jun 2026,https://msmedata.kba.co.ke/kba/loan-performance
Government,22.0%,"13,080","1,750",13.4%,Jun 2026,https://msmedata.kba.co.ke/kba/loan-performance
Other,22.0%,"2,643",247,9.3%,Jun 2026,https://msmedata.kba.co.ke/kba/loan-performance
Real Estate,21.3%,"3,674",429,11.7%,Jun 2026,https://msmedata.kba.co.ke/kba/loan-performance
Building/Construction,20.1%,"9,504","1,251",13.2%,Jun 2026,https://msmedata.kba.co.ke/kba/loan-performance
Mining/Quarrying,17.7%,"2,079",118,5.7%,Jun 2026,https://msmedata.kba.co.ke/kba/loan-performance
Tourism/ Restaurant/Hotels,17.4%,"5,005",662,13.2%,Jun 2026,https://msmedata.kba.co.ke/kba/loan-performance
