Period,Total,as_of_label,source_url
2025-07,18.0%,Jun 2026,https://msmedata.kba.co.ke/kba/loan-performance
2025-08,21.9%,Jun 2026,https://msmedata.kba.co.ke/kba/loan-performance
2025-09,21.7%,Jun 2026,https://msmedata.kba.co.ke/kba/loan-performance
2025-10,11.0%,Jun 2026,https://msmedata.kba.co.ke/kba/loan-performance
2025-11,23.3%,Jun 2026,https://msmedata.kba.co.ke/kba/loan-performance
2025-12,23.2%,Jun 2026,https://msmedata.kba.co.ke/kba/loan-performance
2026-01,23.0%,Jun 2026,https://msmedata.kba.co.ke/kba/loan-performance
2026-02,23.4%,Jun 2026,https://msmedata.kba.co.ke/kba/loan-performance
2026-03,23.2%,Jun 2026,https://msmedata.kba.co.ke/kba/loan-performance
2026-04,24.4%,Jun 2026,https://msmedata.kba.co.ke/kba/loan-performance
2026-05,24.1%,Jun 2026,https://msmedata.kba.co.ke/kba/loan-performance
2026-06,24.5%,Jun 2026,https://msmedata.kba.co.ke/kba/loan-performance
