driver_id,month,vehicle,region,exposure_km,exposure_units,night_share,harsh_brakes_100km,fatigue_index,speed_volatility,wet_share,count,loss,phi_1,phi_2,phi_3,phi_4,phi_5,phi_6,phi_7,phi_8,phi_9,phi_10,phi_11,phi_12
0,1,1,2,2598.6980141213357,2.598698014121336,0.22282567181399562,4.270404246466185,0.3869272479614372,7.747125180549485,0.19320716428201823,1,233745.05163991902,2.762086957623655,-1.3863791564375936,-0.9926430875104206,3.201948807746597,-0.6402114996750737,-3.5233111389263327,-0.5798663021828359,2.3013860855105785,-2.0804309409953796,1.2018272598048731,0.4958094682136308,-0.30925661557772666
0,2,1,2,2780.141381046201,2.780141381046201,0.2383315089188282,4.484065469419632,0.5033247795975883,11.012435236976424,0.17491236561295057,0,0.0,-0.5305329398203067,2.7348357395331035,-0.5052007830015713,1.4520598756600844,0.11657491044585339,0.279389979411737,0.8256834042011636,-1.792959797453776,0.1708051851571627,-1.6623330166497667,-1.7359901568997735,-0.47870863027832633
0,3,1,2,1795.6347516499004,1.7956347516499005,0.18967815833358914,2.6610101460696174,0.3683123550484849,10.983032016431741,0.3561407613282374,0,0.0,1.241326778808992,0.04779721198070619,1.4436190788030547,0.7314267013127422,0.8893648202861653,0.2580962233636974,0.1931140163971758,-0.2545297076552484,1.3296834304711678,-0.8345136745928273,-0.17688792724385907,2.971391872495775
0,4,1,2,1755.52302813029,1.75552302813029,0.1457991440755408,3.9505681999568036,0.42964497551990966,7.249013260722292,0.2477460976769451,0,0.0,1.9155441151131767,-0.3821994870930876,0.5786428684060922,-0.5006581991769625,-0.5133842146605055,-0.3536157780252912,-0.3371129425511531,0.9595736378861996,-0.6095859014695684,-0.13738741782527786,0.8477179942728772,-0.1543991248118668
0,5,1,2,2948.654336227961,2.948654336227961,0.3252128504715215,4.071881059446104,0.42830204846001246,9.683293843125732,0.277782498936518,0,0.0,0.034144096317481276,-0.5591689064852523,-0.1201932558929022,-0.655744481557094,-0.34200613187231704,-0.575792318733207,0.1932129713236896,0.9514166595925689,-0.7149981447778487,0.21043814528969318,1.7698451696970654,0.5319749720909079
0,6,1,2,1743.143380140215,1.743143380140215,0.18926323088624883,4.064571222604585,0.28635416948425063,14.217706161014817,0.16936047445812033,0,0.0,-1.2494675407591809,-0.41460738184352497,0.05260944859019279,0.167477639058613,-0.7034900256194586,0.8446909302369823,-1.405587797284064,0.24824915754120985,-0.6342938342319973,0.7956147497822306,0.014040581150491394,0.6681145179590081
0,7,1,2,2310.88384848015,2.3108838484801497,0.13572503553060242,2.7882272213860197,0.14141415965485282,12.78902446610962,0.09590292525147485,0,0.0,-0.27922949866238667,-2.56234785032652,-0.28810788720284963,0.5215866397381045,0.5954192453911493,-0.521866972436924,-1.340303460909263,1.8824085427610306,-0.15846485291082343,1.2590068115268072,-0.742866411718287,1.6467151399577575
0,8,1,2,1944.6106238057741,1.944610623805774,0.10553368532922369,3.303181405819632,0.4814816189974303,10.871669519680886,0.02962821832607434,0,0.0,1.9860530320242311,-4.818309465939722,-0.03253872524983226,2.907769173642614,-1.993008145925998,-0.9112181021392436,-3.5043192066961164,1.8576597675826638,-3.401499584876581,2.8395088511320394,-0.36805189592607646,1.7937258445935795
0,9,1,2,1330.0054271278084,1.3300054271278083,0.25781263142939465,6.062668842321428,0.5636206820420019,14.697076691820403,0.01,0,0.0,-2.690006628753906,-0.24387708815844428,-1.563190071116325,2.7538560476222105,-2.4841601858143063,1.010897412644175,-0.8840545211634111,-1.1029305217180718,-1.9667406893783936,1.0037915741856143,-1.2436211780595026,0.770203720026771
0,10,1,2,2538.0698013946985,2.5380698013946987,0.07923081140845294,2.9952935463891794,0.30803912857780724,8.644054473382104,0.21331502503317312,0,0.0,-0.5096809892381537,-1.322794159113628,0.2875894692365809,-1.398188127725978,0.9514883335614315,-0.20868157877498003,-0.028291404729234887,-0.5470023487642994,1.0557216268171972,-0.24553038458392504,-0.0303172207520752,-0.5542727098511512
0,11,1,2,1346.3258433197539,1.3463258433197538,0.1940406452630663,4.994524599799048,0.3066439763184016,9.120082705913749,0.26548089763837796,0,0.0,2.3880932975471785,-1.870498168158441,-1.6885242881777758,2.9814451143598557,0.4661617226954854,-3.9756041392795063,-1.6159406018722884,3.015491488529443,-2.557526937460186,1.469953710023125,1.2089551871093,-1.0825365384612664
0,12,1,2,1995.7353567286857,1.9957353567286857,0.216578282767404,0.1,0.3090442150917129,15.710991868725563,0.2348703781048691,0,0.0,-0.6836912984030409,-0.20440763564790604,2.0306608870523375,-0.11815580913770607,1.59996632662813,-0.1632066764881579,-0.7178618900498488,-1.522192325914037,2.1440630714636306,-1.878131066483673,-2.0708660261927405,4.430092405505995
0,13,1,2,1728.3515995708622,1.7283515995708623,0.217559762654298,4.501965416617842,0.4523675455017747,9.80913329632181,0.1704498660963541,0,0.0,-1.2093375398586619,3.091923994846044,-0.2760472086112618,-0.7317233827846541,0.691084074284974,0.6063753231578104,0.7726128299917311,-0.5899876189335025,1.0059654761753545,-1.6021676477265308,-0.8851684063275691,-1.744242560477936
0,14,1,2,2891.2954668273765,2.8912954668273763,0.18922174338748635,3.0868367842092734,0.44157078871499633,10.403118452991082,0.27696195378593186,0,0.0,0.1287689298939154,0.7772868468928684,0.2637056066524589,0.282636070092287,1.3289721875004874,0.8438389662600384,-0.2970432988136854,-0.0827586589526822,0.8244967712738274,-0.5078493698666703,-0.6235845246466963,0.07126186811046215
0,15,1,2,2537.3437129206545,2.5373437129206544,0.250611997409129,5.211557813380084,0.33137380411178124,13.176743498848422,0.21489866613687852,0,0.0,-0.042067786905858995,0.2343691013124805,-0.6657305875899228,-0.010133072352457306,-0.47419692903344735,0.3051788193076375,-0.5366235111931741,-0.642699172391521,0.13075464933227995,0.4196853501276351,0.7761135718154921,0.26963624378551093
0,16,1,2,2146.713665991462,2.146713665991462,0.19176593968374653,2.796394286862845,0.23614636156299423,8.196743323084139,0.2689974702530318,0,0.0,0.6668013888128794,1.4341406357033137,0.08220143788401302,-1.4845005689429063,1.7301362482193405,-0.5859605101610258,0.5554730703813862,0.21727671797842035,1.4026524019289663,-0.15540018878905948,0.35063492380352135,-1.3870559664854005
0,17,1,2,1498.6948696489592,1.4986948696489593,0.19034480502539944,4.3386646693777555,0.42628614898339234,8.462389978080425,0.2797681100305749,0,0.0,0.7303633293693781,-0.7264566596421619,1.064883055750359,-0.6952002804481467,0.56039761198944,-0.42021391661736796,-0.2270562019472362,1.2667708981977825,-0.3529547950249948,-0.26306783539453893,1.453850702008418,-0.5653617866203489
0,18,1,2,1337.6011753683622,1.337601175368362,0.2512413944856535,3.761878845336834,0.22696685594081772,9.81002307101606,0.2516960760383975,1,76299.85607041373,-1.1920830875754074,2.3720388073450698,1.0798550106515348,-2.242776708675295,0.11807969158157461,-0.3036040587601917,1.6657331695153499,-1.4877370906107559,2.7996522868548825,-3.359735581363462,-1.1390586953100188,-0.16226157869379865
1,1,0,4,1299.0283381002935,1.2990283381002934,0.46299857547776874,4.397069263710383,0.3532314953316634,11.588881145961121,0.3530675918833705,0,0.0,-0.5495461774101954,1.6226398347150233,-0.315475088325972,0.3243325360878987,2.204874917070164,0.5253695738900376,0.6619749962888153,-0.04197248135815229,1.9968001361744596,-0.7783129936391628,0.47361258297097686,0.6756759650500399
1,2,0,4,2428.075551637691,2.4280755516376913,0.40535293090593033,1.85743926055753,0.40059195698563477,7.590246620064214,0.3625151618767154,0,0.0,1.7106160510004473,-0.19420316541448257,1.56988440983797,0.12898855438350798,1.8040592527899952,-0.3776158873204776,-0.7356097538660228,1.204756890200665,1.1931749418983264,-0.06764264856829383,0.6372947843043902,-0.5994838425114741
1,3,0,4,2144.475447061347,2.144475447061347,0.45569105430737356,5.045248103830329,0.2349712800901148,10.82705937903213,0.3218406074679165,0,0.0,0.06295346387261513,-0.36101482799981954,-1.1054459611660719,0.8142250810376331,0.01526570325846871,-3.3754877911005052,1.7260809798143812,0.4936163628528492,-0.34195475458325464,-1.1166969729480196,0.9829181765527587,0.12067788247538958
1,4,0,4,1671.1047015979232,1.6711047015979232,0.20744666702417627,3.791960191755896,0.5155265962848092,12.071188761464809,0.08189716351964238,0,0.0,-0.14997930835331935,0.307343358330159,-1.1130230459640487,1.8720711686899503,-0.8937369514140612,-0.19914588653559573,-0.5105757548225989,0.524564663129067,-0.47681360287551283,-0.07901380029345964,-1.59446348336157,0.6476835821408129
1,5,0,4,2768.4239243669367,2.7684239243669366,0.16092483297089816,4.685277282671386,0.6834933467181444,9.365118190094151,0.10934259062224749,0,0.0,-0.7282573550317106,1.9790261980217596,-0.0843094845799668,0.3067851795583365,-0.30430952072827644,2.5967023335033463,0.14419505734553298,-0.5037596312517927,-1.2596418887231229,0.5569232517973695,-0.4107777339336329,-1.0803242553938546
1,6,0,4,1268.1188071145962,1.2681188071145961,0.1881195539016479,3.958871100013448,0.40494309663156475,8.732007206866808,0.2464849116118783,0,0.0,-1.5085629802173448,0.8645215397558168,1.804119979081028,-2.7859561534140256,0.21728852947840982,2.0991021214219834,0.9053811047761372,-1.1899024479213427,0.8772209995517708,-1.6293671702448618,1.1599941776119667,-0.16286319800345594
1,7,0,4,1287.1012009494941,1.2871012009494942,0.3109531076440435,2.901223875421789,0.267335109694373,9.051777197717714,0.05157897392602116,0,0.0,-1.0441660146632012,0.06402910056885269,1.5507911563139212,-2.5208078647867076,0.5445044801982913,0.9443797954369891,-0.43891560931449064,0.6253563958518495,0.25800136599931367,0.8303214727497967,-0.7756759643148896,0.13484926928495466
1,8,0,4,1334.74908509747,1.33474908509747,0.4567522786678316,6.622183354620928,0.17984429614974362,6.6672196054438455,0.06490565166016628,0,0.0,0.4877416552230751,0.8802523807624685,0.042862557743771124,-0.8289824466149905,-2.15658128613894,-2.465806679631355,0.9569432541262723,-0.15677556529426812,-2.1061846902738153,0.47098649321567826,1.2765185863663877,-1.7838034246614562
1,9,0,4,1439.9084439895407,1.4399084439895407,0.2346383292895234,3.7591755800496043,0.3040971588551731,10.320445840820948,0.18329682945350978,0,0.0,-1.3266734220120666,2.607459718091559,2.1133959399204816,-1.9011893417577728,1.119123230942881,1.3540348737650416,1.0729152334171468,-1.8056943329387936,1.8823078684317467,-1.961483081517532,-0.35920531093671887,0.5965845237197864
1,10,0,4,1660.4603078652985,1.6604603078652986,0.32749094733766065,3.397780799995333,0.21341645488338068,8.920783666673824,0.030157992975292425,0,0.0,-0.7530295405906489,-0.44753736600404803,-0.29645627525756424,0.14910320028629553,0.6256945223878347,-0.0846115448441862,0.4689265370996343,0.6277908067855311,-0.9208537204968344,-0.4416545773699909,-1.3830238643001262,-0.9099149636766779
1,11,0,4,2185.9191436146666,2.1859191436146665,0.22277015465522498,2.2582197557334647,0.3199800476267651,10.59046700046386,0.22268613312874022,0,0.0,-1.0729807809050713,2.9191074342633074,0.7073154848268342,1.0896714226194872,0.7258165251406689,-1.428639942742626,1.5267872690795845,-2.5020143233557874,1.6272376308056815,-2.884907615797773,-2.0709733633007446,0.541846769569454
1,12,0,4,1001.0296258387118,1.001029625838712,0.06735046622172446,2.6437622574085435,0.34746544527831424,10.337748238170029,0.20545531042651194,0,0.0,0.42870119501279863,0.34835884558672014,0.2378153218243913,0.9101697115138639,0.33367725643753,-0.9555207073765093,-0.1778418681035661,0.783688226445672,2.3282601185346015,-1.627932996021673,-1.777641023236054,0.2627173824215011
1,13,0,4,1097.2859608117758,1.0972859608117758,0.43966024057478303,4.3784654550104225,0.5376331817565777,11.695031746429358,0.35763129350901507,0,0.0,-2.215746972105092,3.6632475890258633,1.519911334407146,-2.430328257718482,1.197516472776461,2.5270103479304384,2.441968832904313,-3.337239718776948,3.204808305383051,-2.5728122936588136,-0.49014430337052817,0.793436194651397
1,14,0,4,1280.944291714045,1.280944291714045,0.40732013825639274,4.158047529109816,0.34130741487757293,11.287616944396154,0.38521075807536276,0,0.0,0.6244011578780715,-1.5146525076155637,-0.5589142289344989,-0.7254303444797859,1.4660134157838807,0.0023791493837895805,-0.8070152283026335,0.6606703330305757,0.07565691412588266,-0.6811100805209308,0.8292451918420073,1.1592809149030978
1,15,0,4,2581.346901704097,2.581346901704097,0.33677629950101534,2.9147226991613553,0.3604925083342559,10.320354345869642,0.2835592186382415,0,0.0,-0.5414818314578426,-1.341888887237541,0.9669659070754346,-2.389121807937322,1.5599135005991078,0.8254415957675533,-1.0975010093544042,0.8460427021479123,0.07989358351515718,-0.46221695195933155,0.7571599894672957,0.7092909889078753
1,16,0,4,1822.2030011515071,1.8222030011515071,0.5082011863105528,4.812267700087818,0.5218463396021709,13.19246317736145,0.24281550471964905,0,0.0,-0.7901863218989413,0.8233049614412555,-0.9790822447131038,-0.11679850211478823,1.104127247486983,1.957184204576136,-0.1493557900907752,0.43396367345228615,1.4341938900521,-0.6896488752771051,0.45547099894621423,0.3465980807906873
1,17,0,4,1298.604892120144,1.298604892120144,0.3577951036223028,4.056838714907729,0.5277472503447765,13.229427042031189,0.1458224734160837,0,0.0,-0.09108907295997548,-1.33870822156305,0.09653107522777016,-0.29680523185284813,-0.26227588228919624,1.3522515468335676,-0.8510266376871424,0.9744058312938016,-0.8416508978150145,1.6586986741484966,-0.7359188595475763,1.4128992556906959
1,18,0,4,1643.6133334493431,1.6436133334493432,0.23045554476136162,5.018563153050209,0.4376896700363447,7.126163389234041,0.06697815427909962,0,0.0,-1.8314051195443168,3.44231608721363,0.4810431335072328,-1.9875424169844926,-0.7824772128503316,1.525785855789652,1.4578165372816076,-2.8519726180227147,1.6213909017028396,-1.3757776205225976,-1.8998917488543507,-2.675303248768176
2,1,1,4,641.0707567455809,0.6410707567455809,0.23474190171142342,4.716324017303259,0.5242524479563831,10.49534123459374,0.37136093427746847,0,0.0,3.657294140144356,-2.4538521610003396,-0.5151837005548183,4.16336296040311,-0.008343626694186868,-2.3236646401641554,-1.579116821754661,3.5673465875438892,-1.5137656908615833,1.4259261289730396,2.050102371254214,0.3836028325220935
2,2,1,4,529.8244772171199,0.5298244772171199,0.06569040642408519,2.660704893853723,0.20907832178100702,14.229039486360296,0.22523511250840078,0,0.0,-3.120556084153692,1.7063363740941995,-0.21267841222195716,0.46196539090984917,1.1780973572207898,0.4136908606849535,0.24785800839701777,-1.906370645770505,2.437515136089244,-1.84891547852653,-1.918272977442847,1.4688871595697646
2,3,1,4,946.9415151030057,0.9469415151030057,0.20767891712136302,5.717269625334413,0.1018161358835954,7.933438963924274,0.10713070151498555,0,0.0,-1.1740708420117891,1.2632070472183683,-0.6452595513546828,-3.3206078068334013,-0.20729894399851767,1.1578834918508845,0.2502630839328793,-1.4008693237609884,0.6657878380066368,0.5320201336283545,-0.13178541563544866,-1.4463512876247966
2,4,1,4,547.575670223446,0.547575670223446,0.12327544918151292,3.528664031740818,0.42074758336128626,12.450798380009775,0.19697255775969622,0,0.0,-1.0551834883984152,1.033497001821631,1.3232378627122263,0.9764159354815674,-1.11216618673398,1.4903897912656425,-0.4731413547944444,-0.44986122329033873,1.747956520977509,-0.7547135590099685,-0.40311367500017925,1.6696907099118727
2,5,1,4,538.7521883271074,0.5387521883271075,0.3737287333772785,4.7152960308303555,0.3115352607187806,12.688500691592605,0.11619456297779927,0,0.0,-1.3490532071354497,0.7303785888901876,-0.7744473767165833,0.8506202911994689,-0.19583825404513555,1.3375757825202177,-0.4712412011740494,-0.4145216450391042,0.30907179992626227,-0.09423562550173165,-1.0051647264283592,1.0940777216292212
2,6,1,4,892.6705230838462,0.8926705230838462,0.10776668554739857,2.929068721183529,0.2697059386578956,10.525375757151924,0.19318627989955678,0,0.0,-0.29713437934377873,-0.9542272932777048,1.245843141069478,-3.483516935399643,-0.03995690460309716,-0.47351443635655865,-1.1313348824820362,1.0699578782983392,0.34427081315068975,-0.21495126765617315,0.36156608027063186,1.206499112174253
2,7,1,4,542.6857459238906,0.5426857459238906,0.12344729339158414,2.9871038777590826,0.21560574037529967,9.003751667467455,0.10596690925336189,0,0.0,1.7365443957103923,-2.206306318580837,-0.27719657925378466,0.8307494456277623,0.8903223615240203,-0.8972526527802495,-2.0278220095984882,2.4133734258824893,-0.6472979272089933,0.5710521005183052,-1.314156410589645,-0.5106591527971696
2,8,1,4,657.3731838141862,0.6573731838141862,0.05641040614615555,5.28727313497864,0.37399603565683676,12.096660335162786,0.015923637617274708,0,0.0,-0.827635251678424,0.1585819430526173,-0.9365824657532958,1.5696203950214418,-2.0234921049542356,0.5538676163612761,0.34251042879421995,-1.2843088310245567,-0.2823609223452286,0.20185968717200392,-0.03961490653544719,-0.9239880265809004
2,9,1,4,636.0514231228688,0.6360514231228688,0.08738817055808204,3.527801217370683,0.18036543993778295,11.297800914572406,0.014008060740287272,0,0.0,-2.033285257042992,0.6542787847999731,0.006608094214202165,-2.7049358723176242,-0.06825306968515969,2.9027477137839712,-0.7792508109490605,-1.0513489673459349,1.241521728684603,0.19078880874605975,-2.0038715856885307,1.290643079291617
2,10,1,4,737.8994881265962,0.7378994881265962,0.16069066253893086,5.1427184863692235,0.351626684379228,8.511014586332438,0.18989962063764732,0,0.0,-0.7647519179964828,1.2701131432466828,0.3260175159604118,0.12464695023080152,-1.2902074040813454,-0.122989055519826,1.0956531079541456,-0.35373943487722737,0.5102379776836345,0.2014003083529068,0.8563592079569458,-0.8565514443304596
2,11,1,4,1051.8476259946376,1.0518476259946377,0.12240198319553208,2.5641037822785844,0.3539668618718551,8.421696291329942,0.232755188145098,0,0.0,-0.47600723968982567,0.7695637361644888,2.043592567876318,0.8847447712032437,1.3699462740488588,-0.32445725827063143,0.7043245922208812,-0.386021274732425,0.3350594624751644,-2.2559364130399078,-0.07281077878940789,-1.2673753623985617
2,12,1,4,727.8779624475787,0.7278779624475787,0.06640264426767344,3.2750854572506354,0.3461349564559657,10.51593066158804,0.325392951914507,0,0.0,-0.5221110657565309,-0.6836559523952881,0.2708978373655968,-0.4893792431956222,-0.8467800346472083,-0.9089553485997215,-0.9002502731674118,-0.4319875409881301,-1.0512716542666398,-0.8547444918615105,-0.4707654135169962,1.422035407359851
2,13,1,4,873.8859451965247,0.8738859451965247,0.20166501870797365,3.268068496285249,0.2594195980680037,13.620596064899443,0.25148211425725936,0,0.0,-0.517244580742758,-2.3117343953069147,0.0023182803623654213,0.6686268165014151,1.2570770656709924,0.7090643074254052,-2.423732352087667,2.306437034217382,0.7547258355234729,-0.047873201116256925,0.30724305349633296,0.5987238269133037
2,14,1,4,641.8890564294858,0.6418890564294858,0.20494406459836648,6.010810940561939,0.3561270764774947,11.999482399503275,0.33138939878853235,0,0.0,0.04697152864223644,-1.1954167869076215,-0.5957452034510202,-0.028129829844021705,0.7513960665813231,-0.49393656221604104,-0.11582314709325367,-0.7449276509052858,-0.060739169957544,0.7258308363771472,1.0651035271372042,-0.25418928517118683
2,15,1,4,1006.0290802868569,1.006029080286857,0.36224339012347145,4.371437291572504,0.3154141679757104,10.309132760102944,0.18605811209569634,0,0.0,0.8835272618950315,-1.7169959600746902,-0.544886118496269,-0.2190261137192504,0.3414909808916955,0.8208159816583666,-0.61030916488021,0.13044824385758247,-0.4428982304672911,1.967182519138269,0.9145733769058314,0.6576706294844394
2,16,1,4,711.3112356264481,0.7113112356264482,0.17392871245536692,3.3072766502365485,0.24730858237921652,9.814436781134253,0.3372300329897546,0,0.0,0.8357078012554919,-2.047265243339501,1.586847925186742,-0.6078138027200226,-0.3311714975885208,-1.5528809805880344,-1.6153493516811535,1.0532434692703299,-0.20451690750830673,0.031103105930596314,1.5478355998376603,-0.26420241605585437
2,17,1,4,669.9147039099958,0.6699147039099957,0.1598878777717202,3.402531998699219,0.47615252668210306,10.532654621902795,0.18548078417004366,0,0.0,-0.7790563654080723,-0.11816165720645978,-0.011811928450218279,-0.9072480602807372,1.6651318140504483,1.8596930507970324,-0.03976683456776764,0.6517432402867809,0.3092768912581747,0.09968031279074757,-0.5637380072960076,-0.615537100655602
2,18,1,4,752.1892886092411,0.7521892886092411,0.3209601802700269,2.441383437589021,0.5752199977803777,12.922296502871543,0.09445612594724818,0,0.0,-1.6750372620850174,-0.06587470444569747,2.140473968250266,-0.5428953673714195,-1.005471726018731,3.624537707548834,-1.1280317553339532,0.3364059744192457,0.7012544552917448,-1.4126128452800113,-0.3736574692943744,2.2889403278683313
3,1,0,2,1642.0750907744753,1.6420750907744752,0.46125792760995177,4.845937326587816,0.40796101698571396,7.895500954664927,0.2724387602589548,0,0.0,1.0654287491250969,0.7688724515934938,-1.400439639295446,-0.8314646371776312,0.9128719534965422,-0.5367101341529935,1.7153636601568556,-0.3262025569149579,-0.48488853799097054,-0.09855172500114473,1.7530226133961009,-1.1329674528126878
3,2,0,2,1411.7390318462878,1.411739031846288,0.6332816940836469,4.9498263750278095,0.5425595800883172,10.584602223528277,0.3522552179935304,0,0.0,0.7411402268599991,-0.42819183033559854,-0.5494177020889729,2.208060797592003,0.41289483576050473,-0.9155056386378251,0.480526762622082,1.0846755171216085,-1.0587287528838907,-0.8515342613231773,1.590676121161672,0.5171882587932239
3,3,0,2,1438.4448919797633,1.4384448919797632,0.5338675602840605,4.890782469895677,0.37667000620991625,8.464295399086613,0.2045614832603993,0,0.0,0.9399863194066473,2.68223079234305,-0.08780705569381325,0.04845236032569041,0.14094824397231764,-0.4109195794017457,2.7980281795844344,-0.2297383664514508,0.6006630332626398,-2.2309994728244655,0.04114313429945474,-1.5426726714548051
3,4,0,2,2178.2405843413417,2.1782405843413417,0.37257991949227076,4.13531146351016,0.4647796250785316,10.879211135542906,0.16872032512367244,0,0.0,0.5684177373002447,-0.36664825403377793,-0.06394131154578042,-0.6270366993855752,0.583328322684664,0.08599876460336514,-0.5212780910955752,0.16089428499849112,-0.4159844570253818,-0.3223527818416708,-0.7755161994278637,-1.1637133164601603
3,5,0,2,1471.3533288867031,1.4713533288867031,0.6305621054400793,5.207333741171779,0.5149341736803997,11.809769479625654,0.18279871835471043,0,0.0,1.1551574436403198,-0.781235622948836,-1.0122574544088558,1.4546989567200956,1.0113652893430458,0.002113767232273134,0.09780571853281522,0.8269624005496035,-1.4445666119156755,0.6678351590011657,1.1509868276873205,0.3474150183706505
3,6,0,2,1260.9274054569173,1.2609274054569173,0.20327835858146392,5.105692181814444,0.4044707101935442,7.137237607923571,0.1513504325367907,0,0.0,3.4488202089025273,-3.767102262615543,-0.8334700539484213,4.114091813216563,-1.6016557293538993,-3.3092576446176163,-1.387873687686881,1.6726109422030693,-4.061521112413098,2.0443854846725067,1.418736185763616,-1.404553804424534
3,7,0,2,1465.9259893598894,1.4659259893598895,0.4706711064534405,6.0030188249747365,0.5874685000742356,13.166540357844884,0.01,0,0.0,-1.4705553152657167,1.524743353681118,-0.3340222579324341,-0.7190531373575083,-2.3086662084479372,2.9841998050962935,-0.29618779443432397,-2.678582022636059,-0.4172160758230473,0.6902039364848437,-0.3299237649073874,1.3436537556754802
3,8,0,2,1829.785543862985,1.8297855438629849,0.49499758113237535,4.291972335651557,0.41538748603936687,10.158051124462418,0.03973719216117967,0,0.0,-0.49633828617429687,3.031000841895053,0.41985285553593577,-3.1596375979199145,0.027237956784115558,2.8615391892053395,1.1272344642545509,-1.927262554021306,1.2754324848164618,-0.7378771620763489,0.7736881257942148,0.30080236495184043
3,9,0,2,1454.4779253708075,1.4544779253708076,0.508483058772832,6.609612411818164,0.4952706893917058,8.701643839110638,0.11846784399333507,0,0.0,-1.3731262687087655,3.4463724819446053,0.9570555484879353,-0.6111059520287204,-1.2084629978367387,-0.5512682557018336,3.134390622887823,-4.560662068211162,0.08151641588385491,-2.0582280136952034,0.14495435701544349,-1.2844679040071938
3,10,0,2,1265.2066186508698,1.26520661865087,0.17366481350359866,3.6736599708454647,0.5603738143891491,12.14242201607248,0.16690348926669696,0,0.0,0.032563034820620895,0.22650957030867958,-2.044930090411765,1.2087661460425072,-0.00778593887569462,0.7004866866451092,-1.291272346079004,0.5247017368593814,0.5278951699902106,0.8552529040195688,-0.43574640321441266,-0.3832752154483008
3,11,0,2,1235.4084030868942,1.2354084030868941,0.37598966064437456,4.563259587313817,0.19673233593682404,9.187586427367291,0.1386738421677887,0,0.0,1.6184000902266955,-2.5612164686084986,-0.8276422301234506,0.550154260406686,-1.6699289841016687,-1.9809611653191004,-0.2848973436462099,1.7549657027408099,-2.599125478873401,1.547310877571138,1.2647796826107756,0.9657245910592862
3,12,0,2,1141.2143763799859,1.1412143763799858,0.2776963326412174,5.792940010533341,0.38775577945405443,10.118558300028551,0.11432747653540215,0,0.0,-0.2986671751617639,1.3604165984359242,-1.0341201634385946,-0.09290981025166478,-1.0258988130623243,-1.5571321064139432,0.05113880319878211,-0.4251230839783985,-1.5085272236890799,0.7008109463846254,0.5096320850443639,-0.3618595179611721
3,13,0,2,1330.4550017186075,1.3304550017186074,0.34251591511045704,4.346548323708568,0.33772336783392065,7.720283414056718,0.2978656338906623,0,0.0,2.871205375445153,-1.3940087067407534,-0.22444185928326682,-0.04430753223246742,0.39980056424707955,-2.7182508101818756,-0.5303154752703326,1.361254437177015,-0.5242720326026276,0.8459897711937203,1.2030384408644554,-0.07807065220426984
3,14,0,2,1246.377265819281,1.246377265819281,0.7609689359691527,7.924110544870635,0.8528778901709435,11.235559214072856,0.35489537871052795,0,0.0,1.055517287887563,0.6288340227815425,-2.0807532642209163,3.249271035391849,0.5484357981960366,-0.534207503288195,-0.10484046764671051,-0.08190378962869899,-1.5768338999306728,0.22634515421458468,2.6252580414546385,-1.1041633679863694
3,15,0,2,1402.7382489106194,1.4027382489106195,0.5142626916051558,4.487352599801983,0.43757281725778685,11.017555969941832,0.35243703106482344,0,0.0,0.4586731294473721,0.6926947792773279,-0.08645870898373481,0.8692292794470634,1.1316694000015703,0.454243094991827,-0.12447679124266331,0.41080135173877796,-0.15233621664463692,-1.0098650495152708,1.075702162951519,0.5640373339908393
3,16,0,2,1625.3016516190708,1.6253016516190708,0.7068606281749888,7.327782343665655,0.531354928393062,14.038610363332976,0.10915228681718439,0,0.0,1.497602013236477,-0.9352204565157867,-2.317409934438751,2.729906772699575,-1.6728631293165748,-0.5974556753858518,0.10547716863760659,1.171650023200082,-2.2779676092725616,1.5873774561494218,0.9504165600406347,0.7853156424415604
3,17,0,2,1489.390876231725,1.4893908762317252,0.6359201545291059,7.37794524975286,0.7525109590564959,13.445541746200394,0.3145852117268346,0,0.0,-0.8735656696411278,1.2067877475123032,0.015889835922185513,0.9789299218919479,-0.911079099436914,1.5008729316646565,1.9965164440427352,-1.8046257563356725,-0.4669564524655206,-0.06874933310550302,1.626514568894514,0.3864696376645756
3,18,0,2,2223.808592915847,2.223808592915847,0.7191545127998126,3.950233303236695,0.6525323373562671,9.60342699428537,0.08234867909527938,0,0.0,-3.0793927400581014,3.594178109942905,0.7424520948444023,-2.815227483076283,1.9159520757178106,3.7619112727140123,2.619156074787729,-2.0890911804430865,2.871253811027455,-2.157717877104199,-1.112267422936441,-0.8219329394552843
4,1,0,1,1168.7624127146726,1.1687624127146725,0.4947715891360411,3.5503195970679284,0.4130752184027598,12.249666690940696,0.34255609277554966,0,0.0,1.3072283847610435,-1.6926367349377915,1.2313944708496114,2.1524586715043985,0.6980481538709883,-2.9089251421620004,-1.2708290236035642,1.6430597072281714,-0.7072778421117298,0.015794838459610605,1.0299090424872208,2.0003233266616727
4,2,0,1,1833.8539670758514,1.8338539670758514,0.5919357181699405,6.398239517320468,0.48434903727280376,10.939167541922096,0.1971317175676655,0,0.0,-0.2963866142593125,1.4460935934211265,-1.0683543493011192,0.2043726712681119,-0.18857617199255447,-0.46374912729660706,0.38983554543723176,-0.16910479657110775,0.09965622411871779,-0.3222081696020661,1.0511302325107061,-1.230101280676639
4,3,0,1,1177.961976693275,1.177961976693275,0.4609151297577028,6.175924012897027,0.6028030655861804,11.09238261408241,0.31288983432604106,0,0.0,-1.8313061933226487,2.4130119023573147,0.7954397608111641,-0.8851441219818207,-0.06895266526811139,1.9303638091878543,2.2725264802179463,-2.0201182110698572,1.3483952792616811,-0.7901065249423663,1.0785189030760611,-0.6686854980884254
4,4,0,1,897.7425669260355,0.8977425669260355,0.8257542948801259,4.506969288156274,0.4564197969346813,13.029521709096702,0.16879146160667075,0,0.0,-1.547067936923996,1.9392264062575304,0.8395031583060475,-0.3668729717194379,0.31711166519441614,1.6991846477800938,1.1425333435335694,-0.8242011383383695,0.9033027475670352,-1.522049825254578,0.621885373737978,1.0697673362059827
4,5,0,1,1528.436132836678,1.528436132836678,0.7043781195258234,4.956539733821874,0.24441343611242927,10.232477949154113,0.19248654598209786,0,0.0,-1.4800604775001072,1.2435091767261373,-0.8385868041834383,-1.8662626794814783,0.822120973145513,-0.7595816532685358,1.302029789583174,0.20146303539358773,2.205318014593263,-1.3633626423202823,0.20252060919175374,0.4218682697561723
4,6,0,1,974.1051884996851,0.9741051884996852,0.7009564235149639,4.621373606513321,0.4232976592222958,8.27116451289278,0.023644818882882085,0,0.0,0.5375298940708623,3.9035666507753652,-0.03547526717820914,0.6197196998300112,-1.2694601169618744,0.40863850207195324,1.8368831308095506,-1.3710125191288411,1.7261166521813691,-1.1402258057829633,-0.9537899318547434,-0.942383523478634
4,7,0,1,959.0677299440624,0.9590677299440624,0.6683785554371368,4.724055688651842,0.5995993093237479,15.196022706994565,0.11299755541308518,0,0.0,-1.4482972769931046,0.050817103696418786,-1.1316324254142462,1.3222730264240423,-0.868457952807429,2.746321421192212,-0.23275290064439078,-0.19192247380732186,1.0464526350448544,-0.8746151639369513,0.6483326301206916,1.4091533624395192
4,8,0,1,1876.230872423412,1.876230872423412,0.18062689764464135,4.240026797780136,0.25772625236772334,10.31625710032438,0.014993977919320646,0,0.0,-0.46206411796492325,0.13383043624167595,-0.7494785966572335,1.3543428841474654,-0.5682105692326812,0.19074050188229053,-0.4356239734814886,4.273230715637344e-05,-0.7528931639050426,-0.7157563173113397,-1.915768056082367,-0.7278301012742254
4,9,0,1,1037.8332888799882,1.0378332888799882,0.3950545088937241,5.823696488495312,0.23710793484446202,9.928875098868321,0.16352684198337192,0,0.0,1.1419441039786558,0.7503185039312374,0.029670316910853534,0.5451451406089314,-0.8164621154120772,-2.496070926282255,2.7920138175775415,-1.572474517759201,-0.6617229473680637,-0.9292314506513015,0.6731896119149063,-1.2511695293251086
4,10,0,1,576.5372046424742,0.5765372046424742,0.39579680206468637,5.726948738516175,0.38429706993783663,6.702230611317328,0.09650106875777305,0,0.0,1.4509276472594421,-0.6774205908198808,-0.3162886647684375,-0.8215651227719214,-1.6038865898453356,-1.0827218936507643,-0.06239326926974653,0.28067788792619247,-1.5730228934778552,0.9432713262188408,0.8521632016303288,-1.9187972066059737
4,11,0,1,1057.2508789894862,1.057250878989486,0.47172628216044027,3.29354715107717,0.6516140868614058,7.817131516209329,0.043917016858826985,0,0.0,0.7503187999891565,1.8060081135253643,1.2084976457032952,3.3450576722095433,-1.7725635782099993,-0.8953989367291855,1.4865531746936624,-1.0456085028245834,-0.39266939064597506,-0.8786552932022467,-1.50743093927153,-0.7828409855365178
4,12,0,1,651.5148716514832,0.6515148716514831,0.3047269817434404,2.842423901297879,0.31716810013755375,10.325661509178408,0.3030011331551897,0,0.0,2.229285163229223,-1.9887550047520364,-0.13082348807067534,2.0963862877125856,1.4409728722943953,-1.7299661748485058,-0.25687637259237717,2.9993992704776984,-1.4848096559479091,0.7913711486553505,0.616864960719523,0.0823646540276558
4,13,0,1,1482.6016518800034,1.4826016518800034,0.40123439393333815,4.93053081798557,0.24667389439216586,10.459509854712046,0.3082384909683743,0,0.0,1.2637687672605193,-0.8466967022499201,-1.6943151038474977,0.5189943892376633,0.2212888524177163,-2.5229925739820933,0.45728750094744225,2.8901461219427125,0.554152810752914,1.0784677812274897,1.6531402690557686,-0.18897577318121495
4,14,0,1,1051.330563280467,1.051330563280467,0.7877999317595228,5.1038802869615365,0.5000053143957783,11.710499923887612,0.2921122121244466,0,0.0,-0.334962339820167,0.45178567828388283,-0.3708152274710622,1.401474090665567,0.8050225089440828,-0.8118205657558697,2.2245960721111953,0.11315999513022068,1.432207683217078,-1.1399951368368155,1.0052220538970604,0.9451002802051629
4,15,0,1,858.4203613302823,0.8584203613302823,0.7435522700671305,5.896352678442865,0.6129351951603415,11.425529380303779,0.2995631760615317,0,0.0,0.6090997674829475,0.0011379699044006125,-2.202234283524965,1.4246759029088032,0.7019429326418601,-0.1623053586759325,-0.5122604733804145,1.3951699789104492,0.33384753014379065,1.8890211595437014,1.4987109067588293,0.03406504140649558
4,16,0,1,1047.3710108282944,1.0473710108282943,0.64383024440598,5.369658458759893,0.4837969910611655,8.89001209283806,0.23212250557110362,0,0.0,0.3425336314802526,-0.1153330854301916,-0.23570864662609692,1.027088943110522,0.4506833420461813,-0.2954422628000502,1.1510832252728171,3.4614459068041965,-0.4422154645399669,0.24146985303019552,1.3295430177476237,-2.0123083480533133
4,17,0,1,1306.0400829041928,1.3060400829041927,0.8609469565342551,7.4076298919824985,0.5293028066078056,13.223035020862186,0.1776714364061868,0,0.0,-1.8559363519856564,4.341341406051656,-2.1043270543385777,2.2246525137239264,-0.43475309129039713,1.01192681810333,2.510067851366509,-0.9994341728500626,1.1531665395848842,-1.581458372098356,-0.4683703384276239,-1.9277585743242445
4,18,0,1,861.92485208203,0.8619248520820301,0.8179957479932658,7.248671240683041,0.6639730758686706,8.96705590052198,0.13858558750385183,0,0.0,-0.9317894823055353,4.51806879125384,-0.9070385424151641,-1.1663042630850555,0.4890797454002894,1.8599175511675736,2.5419069782602426,-0.9738651864614302,0.8928323715330513,0.06108745555767836,0.32468824494050064,-2.8503261962069355
5,1,0,4,1889.4481563183901,1.8894481563183902,0.6317768180942435,4.3004512208636765,0.5544233250435563,8.477553254848354,0.3241795007855672,0,0.0,-1.39583100793077,1.7514349393216406,0.7814603541144569,-1.7358609439552857,0.3532377376211042,0.6724563507854256,0.7007047616871998,-0.5971717238390654,1.4713421092649166,-1.9643855610415233,0.2905330153522456,-0.03495744483764611
5,2,0,4,1721.4787041809593,1.7214787041809594,0.5198524505146529,6.303454044671013,0.5538660223445365,12.602489478277676,0.33386078448993334,1,59178.463517881784,-0.2547807753446276,0.13599039184793185,-1.2154881964445987,1.1077137773867527,0.07845872119460978,1.1424966219545918,0.25082569876001704,0.940394266051326,-0.865985567071199,1.2897762801076051,2.6069258776594477,-0.5686321499483878
5,3,0,4,2665.0353068706245,2.6650353068706245,0.585402641406692,5.95072038034191,0.4488593263149579,13.098390266372979,0.3450436587146153,0,0.0,-1.0041597477197646,0.7438627867553975,-0.41001966150472674,0.7151592076206049,0.2946143039015568,-0.15553152069970444,-0.16571677684281805,-0.18329489945925953,0.47006465290054406,-0.6004547457104877,1.9200453991646378,0.31667305954070674
5,4,0,4,1626.4774617200192,1.626477461720019,0.7422203781591314,6.034075902486424,0.42155972783446066,13.406471044202627,0.14636814396403705,0,0.0,0.5554539087990817,-0.9886695799662751,-0.11062527839055325,3.532690102442442,-1.603614589487787,-1.5856732536785956,-0.4908323783024042,1.594542409735702,-1.5483597046037592,1.0760716542771,1.125208460150812,1.774509708464819
5,5,0,4,1679.1853963923816,1.6791853963923815,0.6632654662089081,4.412849197489459,0.40786703996431856,14.657295398457093,0.18365435489389947,0,0.0,-0.5536488115798586,-1.4216373985532,-1.5729731132268292,1.3917116363283153,-0.08997218982967721,-0.6424544652249566,0.5080357070908165,1.9996004629868942,-0.9094542698823498,0.30167939571990077,-0.25333233133230243,1.763695207743479
5,6,0,4,1606.1783556458129,1.606178355645813,0.6382426642213703,5.318695162627148,0.6477152425725182,10.990449960183227,0.16211467857679296,1,137695.03728793218,1.4261785992486882,1.767951270862223,-0.3763459725538973,1.8474007269789596,-0.0948177142016296,1.7859284675257676,0.5761802938344895,-0.40393718025309394,-1.4524652156655484,-0.1172474150029561,0.2505284433599213,0.6962194997543202
5,7,0,4,2949.8174066018532,2.9498174066018534,0.5049111895324504,4.453755868095119,0.2663234440418274,12.226083874568097,0.016505401146998742,0,0.0,1.682725713292815,-4.710449918994561,-1.7432352422308095,2.1905267350960735,-1.6764675921505425,-1.4276851258678824,-1.9222132631318547,2.804073378632091,-2.7081808644008696,2.4278563117177496,1.1873383255986134,2.1398323325104487
5,8,0,4,1640.9896745930523,1.6409896745930523,0.27336054517227293,4.761467789924911,0.2669120442026314,12.98835484894149,0.08096581135899025,0,0.0,-1.4035496236910021,0.6616207556727993,-0.5975924784047935,0.4457553552254627,-1.520214387007376,0.4860571785897485,0.2053954969661011,-1.3946643127979006,-0.7932204055632626,0.44065679185911066,-2.2035453283079036,1.0436546871532968
5,9,0,4,1237.332218881393,1.2373322188813929,0.47923948857502424,4.751987658729088,0.4024264088847584,10.714381448977958,0.09817714825949694,0,0.0,-1.3243090643311872,1.7061700613873332,0.9683760279561665,0.5420013727167012,-0.7477288707088621,0.8445604589317512,-0.0026279153689969803,-0.9505055271271982,0.02633018985428809,-1.4770930465650403,-1.1007406415724366,0.057509851336415355
5,10,0,4,2274.8285870862696,2.2748285870862697,0.5002732905680909,7.064815593940034,0.5797158372424076,12.523604396058,0.15077617398731444,0,0.0,0.710299931835394,0.4338762703691349,-2.9943755978216595,3.829500780918995,-1.0180910159105878,-2.2473549468293097,0.4980875247096084,0.06783893226767779,-0.15112524948551198,1.1267544505125235,0.27378799400050596,-0.854869833732566
5,11,0,4,2335.399977890555,2.335399977890555,0.5369518431315232,7.012575782449906,0.36037171071295293,9.135418456460817,0.1948114343016071,0,0.0,1.9909293004189645,1.4700690650829684,-1.6968824973340715,1.1346922861237845,-0.694524938807439,-1.4120876386373649,2.5894241142998498,-0.9408122839511125,-0.7998106149239035,-0.5569401078468743,1.5351434997182571,-1.6421885236634077
5,12,0,4,2185.341630026998,2.185341630026998,0.33179510929270645,3.8685111925040134,0.2646564965063622,8.009728168048875,0.12297219218846729,1,130433.23416205487,2.602411162105847,0.09189889118164613,-1.311808828924216,1.1998221075649762,-0.5550743597434822,-3.503741995205141,-0.012633094763780106,1.6896392192935117,-0.8381871263025221,0.681238911768091,-0.34843825306252335,-1.1058288133621696
5,13,0,4,1742.7913938903166,1.7427913938903166,0.5762949436845636,4.475219915453678,0.3341259392150993,9.171064184231623,0.30061338978433055,0,0.0,1.0829540597068161,1.2050361613172025,-0.7594949573747386,0.10034028731111333,0.26907725868470866,-0.9504026528810046,1.3187300857901905,0.4161572439915584,-0.10943417251996027,1.0051688378379158,0.9244737645716168,-0.4883634762366883
5,14,0,4,1588.9746242144013,1.5889746242144012,0.8178116794120469,5.691606600173068,0.6297361046944411,11.611345320853372,0.3888560075722764,0,0.0,1.19588618146255,1.0785172457332861,-0.7281581599817013,0.9272459127452861,1.1264723431681718,-0.4880636808695778,0.6507271006464608,-0.41659872706646156,-0.621304673103767,-0.4967357975891209,2.330130419346182,1.8302488718332803
5,15,0,4,1919.7300747944735,1.9197300747944734,0.5392011431596125,6.8430205287023895,0.5785463869423958,6.48015369410244,0.10329847985337393,0,0.0,1.6362106733115873,-0.5745490304296749,-1.1857402697899626,-0.31391776485354395,-0.9597246913650274,0.6336520344116854,0.08685113600077068,0.8899490492695724,-2.0159518979169087,2.593916221588743,1.2697697026957933,-3.2937002809196985
5,16,0,4,2146.61672916975,2.14661672916975,0.5383415150435539,5.335582932507647,0.5590065438872001,11.896720911361548,0.27953132911297446,0,0.0,1.2604774898975855,-1.1728913489648587,0.029774807029564476,0.9998560026537008,1.1017145804909505,1.1522155457716945,-0.7033374885089977,1.6752011425275906,-0.9039970239207501,1.6112823014211692,1.3624889626063514,0.4314846190587014
5,17,0,4,2142.6060281009372,2.1426060281009374,0.7420795529048138,6.510224801167422,0.5955894286044485,9.700754786498273,0.04388785760927291,0,0.0,-1.1054766980820843,1.5240500087008204,-2.0220380987082818,0.3165858267388199,0.5775426072636715,1.2189141157787042,0.4757419863955098,1.4020494345034074,-1.0683206913464494,1.532306142008469,0.9784758353078205,-1.6977127899076663
5,18,0,4,1599.9976207976667,1.5999976207976667,0.7029445117427866,5.490816965058856,0.672638714808395,12.558737102130628,0.01,0,0.0,-0.5674917785699245,1.5458674046196275,-1.7800542054553699,1.4974996276614403,-0.7767806317960113,1.6548791268930199,0.8087402123460177,0.254751119799596,1.2696525973058819,-0.37908387810598704,-0.36503287036536003,-0.04112079697315513
6,1,1,2,1060.0804675676472,1.0600804675676472,0.07930085305240105,3.3451077827018674,0.5764177390702723,8.967867486557992,0.2569531722288034,0,0.0,0.1665279648906981,0.018893962589512536,-0.017032651070334637,0.25629987324153736,0.7533135642390363,0.2623285492441446,-1.2144176417006318,-0.4675028224959741,0.955791456538283,-0.5436300079950374,-0.5818730852817111,-0.4902369118002244
6,2,1,2,1521.2517541687557,1.5212517541687558,0.3797203145958297,6.901770563980746,0.5937448696479992,10.35545602344745,0.39520740736960663,0,0.0,0.2862935538678778,0.6477143481026248,-0.44669294029980744,2.847922512573232,-0.5443994856837602,-1.4655548798682343,1.7207580150189912,-0.43000464284576423,-0.5496941986637114,-1.3467267824371385,1.0876346081684427,-1.5890893515820377
6,3,1,2,1570.310350868131,1.570310350868131,0.20151821848976073,5.501700888323261,0.39214355118719735,13.199657889339205,0.24835145516920085,0,0.0,-1.2880867410042816,0.6880634334644332,-0.6006856295187794,0.761662516054224,-0.7428394252783083,1.1724333595066863,0.3288261018152253,-0.5695770224257402,0.243285544440409,0.40112306409280674,1.1847915099902588,0.4122749992867121
6,4,1,2,1748.8579414864014,1.7488579414864014,0.05778245747483977,2.9197407829834283,0.2906012729094629,10.215006126906754,0.28852689677709337,0,0.0,0.05363375300404008,0.7792737313323576,0.6642946304294466,-0.09208731159681594,0.6815996311772134,-1.0468694402217937,1.3334785892172465,-0.8798882795731805,2.0757429808203374,-0.3436270760837772,-0.031794662135714774,0.18235425756643275
6,5,1,2,995.1860341431757,0.9951860341431756,0.07943490719124822,3.8291136554873395,0.38629639707940405,8.75340606416766,0.21345526428982123,0,0.0,0.29608338847008564,1.5639321140258242,1.4879835081870056,-0.41819799837746385,0.42772486599708015,0.8376980712510496,0.023777068439718607,-1.5806782794067096,1.05522583942901,-1.574521992795857,-0.33774010523758263,-1.2329354832722714
6,6,1,2,933.2807276119848,0.9332807276119849,0.09884140672061395,1.9946297265489887,0.38482846392278186,7.4827861901392545,0.23417184422281614,0,0.0,0.14681462996675962,-0.11387330507039994,2.5526544677547194,-1.9435729745204235,1.242556636301864,1.7086305499838474,-0.18144931239538592,-0.12067104572372722,0.692664963181931,-1.5385123128075309,-0.3181578334629832,0.3736492543993276
6,7,1,2,1467.97289739489,1.46797289739489,0.04715078910649335,2.771407578870795,0.1350795854579934,12.163437457991186,0.01,0,0.0,-2.0311729273717893,0.24455333366126453,0.8030669196993865,-0.8530319826486116,-0.986589311760731,1.0430278070119838,-0.2773553316210927,-0.31741188428100087,0.9221625573531368,-0.2539900995460127,-1.9105078159861284,1.5170673417103009
6,8,1,2,1262.4403366720371,1.2624403366720371,0.05254592454343158,3.433389929915617,0.1858207974729371,12.281511602197451,0.039334353671967845,0,0.0,0.733923686260491,-2.394948753169398,-1.5149948797487043,0.32890227447262155,-1.1929213790179376,-0.5303286261248724,-1.1549408841298028,1.7296389932024185,-0.5835976494356232,0.8973126630832658,-1.7554823572243636,-0.06784594220301599
6,9,1,2,997.5249549158533,0.9975249549158532,0.02619331255661675,4.362659804214895,0.20742775819059822,5.227098132463885,0.01,0,0.0,0.7812948141141485,-0.15424909418151017,-0.43444451424376285,-0.7384245554550042,-1.1027433739175556,-1.049095766684873,-0.8607732189094881,-0.39187282323361766,-1.569571357282526,1.5092723326549673,-0.6152853725244743,-2.3293608208326764
6,10,1,2,1022.0423293470875,1.0220423293470875,0.031444975542889206,2.840420727317184,0.3291328423867928,9.310172964102781,0.048659265371827895,0,0.0,1.0979507728223323,-1.921764627154057,0.7121660358928679,2.4980756254273184,-1.6042131611566173,-0.8178967734618273,-1.0278840362459445,0.2744494934885818,-1.0908152540269396,0.1260528325500399,-1.8765593662036657,0.9681668546682136
6,11,1,2,1446.836388657383,1.446836388657383,0.057672249954647925,4.110793413002375,0.4179701285347175,9.828541070464064,0.25915043314492864,0,0.0,-1.7132114926287532,1.9232092810726427,0.8099252800468301,-2.0289794389578404,1.2824765437276955,2.977393240752733,0.9193706779560165,-2.5464953321293393,2.2660683394378287,-1.3976552228363206,-0.20066125423487938,-0.20073955393861764
6,12,1,2,1389.5225610808084,1.3895225610808084,0.03274796416476669,2.890369122858571,0.13141418844755914,7.84763421282682,0.2454714272012673,0,0.0,-0.5818272323532212,0.037841001497874324,1.2694330241136942,-2.451789467132388,1.2643343577358985,-1.8378873174458559,0.10938512908302475,-0.4281458885294657,0.6208036152443532,-0.8269138964145646,-0.023386511695592388,-0.7244740667199718
6,13,1,2,883.4371376017752,0.8834371376017752,0.16102644482463102,4.273931257600739,0.3563279880821377,10.456717936034563,0.3822964536530271,0,0.0,-0.37287654991553054,-0.9851273894868547,0.9086816198932599,-0.2111460838315295,1.3865094617677949,-0.3316059604243852,-0.5122626720678642,0.5171703184709414,-0.47411100997411026,0.184535714980392,2.0900692814098596,0.5248408082117815
6,14,1,2,1652.047372225684,1.652047372225684,0.11111886966918703,2.2943772288299282,0.2932662253051574,6.750308805907812,0.2367159268854837,0,0.0,-0.7236700549707368,0.5633943098139539,1.2020881951630313,-2.6903925154715735,1.8924439296312945,0.5900859339476805,-1.128148073986371,0.4346714159415583,1.1042459982846802,0.36484579860261424,-0.6473951745750774,-0.8639309816322673
6,15,1,2,1153.303422157595,1.1533034221575948,0.1733124201067426,5.970102552056346,0.38419366935838933,12.362335007336597,0.32279031936301433,0,0.0,0.058613286366512286,-1.8255300910359424,0.052430092769435666,0.7382204147577992,-1.4099094759817534,0.2134187852452777,-0.08470063184321885,-0.5768213608093298,-1.5463911824941015,0.05679465281702445,1.486591666877925,0.666236241857902
6,16,1,2,846.5732752658962,0.8465732752658962,0.1250019440984232,5.303634960864804,0.184625185474611,9.911189263379393,0.2340793692084229,0,0.0,-0.5485152514109287,0.13080201900993058,-0.6026444090637203,0.5912635391786194,-0.1317991843975676,-1.5579639888917636,-0.1069613243380878,-0.20862886558019927,-0.2050166980296591,-0.28595866345570703,0.6179547119728829,-1.0573460993853923
6,17,1,2,1547.2914536119747,1.5472914536119746,0.21738350179941526,3.4285192760304097,0.2951801373721353,9.361085665095906,0.14308671126532774,0,0.0,-0.8190080547979025,0.30271579534233467,0.020219277608620745,-1.1264645051960118,-0.06150410192917222,-0.4284298655278943,2.1458577653019173,-1.8005982703100698,0.4074198619272363,0.1957986058611615,-0.5704917262547545,0.027212575215431935
6,18,1,2,1272.820379411777,1.272820379411777,0.14212465449074965,4.317065685188356,0.6847131419684647,8.826622323921391,0.01,0,0.0,-1.234367244112258,3.6996870495684737,0.5740381624190671,-0.38306633108335053,-0.8538225128158199,3.621411669899964,1.2601530459449983,-2.135824589684107,2.626567161826447,-0.925829331590845,-1.3614460861383795,-2.0691131671425262
7,1,0,2,2238.148073588154,2.238148073588154,0.287258670129215,4.095457181005549,0.2748991188221719,8.746553480107673,0.25462869526400356,0,0.0,0.46657133422316033,-0.677675502110997,0.736150172351118,-0.29255460591197147,1.041722799043386,-0.5907585116726841,0.28592142737886383,1.2580265173456202,-0.43290338585565236,0.3116387596207389,-0.04230547829423126,-0.3464045292027321
7,2,0,2,3265.254174652536,3.265254174652536,0.18884212863181468,4.844683583064361,0.3914636597233525,11.32483165513681,0.2969274210163772,0,0.0,-0.5109686382245782,0.03457756001613266,1.2828612572829676,-0.9312931467068952,-0.12441588187601191,-0.046691157353237256,0.9014726985338002,0.3661113335481301,1.1276993818819174,-1.367388553986248,0.7207464401902721,-0.36303088080654805
7,3,0,2,2335.2549017935125,2.3352549017935127,0.2707028109465206,3.4692158419697154,0.5342565432404411,10.956280328504377,0.21059313311011035,0,0.0,-0.2388458783568928,2.6195089350084633,-0.34603268561407413,1.1877788669869722,-0.20994043314551525,0.6092797381312799,0.6443001255502587,-0.34675665158523317,0.14135356281701206,-0.9560791489665768,-1.2602933716563123,0.8423417573631744
7,4,0,2,2489.9696445309287,2.4899696445309285,0.5410427422671605,4.930777899724462,0.5538127478140303,14.080391426896188,0.22311324186784098,0,0.0,-0.62162729562223,-1.1193272858081111,-0.10431601304695676,1.6452285809243814,-1.170323012172188,1.1911747523400114,0.8088453813703818,0.23953511269688538,-0.8955388833350052,-0.3049247956766452,1.4808001589589372,1.496744715641358
7,5,0,2,2314.9295004570877,2.3149295004570876,0.5223276792740404,4.677447832020807,0.271985611872172,12.279863285160296,0.24757484424478096,0,0.0,-1.0147325060890235,0.6083167307295709,-0.5721572498919971,-1.5531620764334464,0.5179479643150808,0.9454661682177362,1.0250258711294393,0.27195751985450994,0.6067399629806154,0.6486260902944527,1.1039442101220291,2.1818901498969128
7,6,0,2,1692.3300594616387,1.6923300594616386,0.16084908221135183,0.1,0.29088778415584315,11.420477623734637,0.12166175556100271,0,0.0,-1.48365301222697,-0.7708421422904682,1.651761191987597,-0.8145023175518075,0.7478414223909019,0.6115528174332557,-1.030182733598586,-0.5450347688438729,1.9710668240186642,-2.454799382236785,-1.309993791244974,2.2241099316486914
7,7,0,2,2086.701896076383,2.086701896076383,0.11385583515158494,4.890125728601323,0.3073258355916458,6.6341588690217375,0.03930355629446512,0,0.0,0.6527800390322863,-0.884398244024943,0.45811031721785794,-0.9377767974032112,-1.659958296447551,-0.914266519150004,-0.03187438576997658,-0.24193207806417574,-1.9837460902098445,1.0677590457967487,1.1803033830560443,-1.5094137222331447
7,8,0,2,2086.4779802842295,2.0864779802842297,0.1924198641002974,3.3423705532091574,0.40984654321675085,11.278332767756385,0.0642961541257041,0,0.0,0.11169651759913246,-1.3133202898451901,-1.1959276938032954,2.0159447679280267,-0.2351376387305397,-0.17227137950957505,-1.8306684312481345,1.8388032425465135,-0.3838147832455989,2.1769455194621306,-1.2483299695900847,1.046321496736221
7,9,0,2,1507.7685417529876,1.5077685417529876,0.2480232142059072,4.661125044206907,0.7550669631480811,10.970126968322369,0.01,0,0.0,-0.7501693654838852,2.123297330397218,0.3076299311271895,4.205559129266182,-3.5024776003277553,0.6307056215632431,-0.39396472556306295,-1.4119120500826015,-0.734006019575506,-0.7386150232704138,-2.9434858020756964,0.4534496437546462
7,10,0,2,1882.1045000844485,1.8821045000844485,0.1741200731648026,3.921698466409025,0.22439795061540546,7.42426746574482,0.054079912454482224,0,0.0,-2.1325095366892146,2.047842538494515,1.7144916047793903,-2.2516863417541972,0.18080477534153871,0.8322147769150327,0.655791135079135,-0.6788351231688989,0.592248295858932,-0.8038803372581247,-1.299793941715034,-1.823402244579668
7,11,0,2,2689.0550063218525,2.6890550063218526,0.288353179804583,5.630411719537298,0.5422151262575804,9.504254260647517,0.35886430320667295,0,0.0,3.220722358153753,-1.672412897625297,-2.077860116396089,2.4394260163119856,-0.502287511791366,-1.9697626921716487,-1.0721722438860528,1.9914944588512749,-2.055047082489109,1.4193496394018221,1.5191218795816221,-1.1341189709157684
7,12,0,2,1604.3684028357854,1.6043684028357854,0.39615431356299274,3.0302474566642434,0.37276917798443304,11.662231050028721,0.2946115316761412,0,0.0,-0.9870761424469663,0.3444877710690009,1.4074693332655217,-0.6134555846611226,1.499698368540337,1.6065241746691625,-0.09835195112023565,-0.14932874755364084,1.7104596858097323,-0.8740224680029206,-0.7182530501228839,-0.07721339837529073
7,13,0,2,2313.522994374684,2.313522994374684,0.25303998941796446,3.993910307004706,0.3637766757112307,8.39007981551926,0.2750879836434909,1,378016.98018274555,1.799267147056462,-0.6569803346330707,0.1545708406819996,1.9414224273081426,-0.2320377667541404,-2.6496226543258636,0.13776750690609052,0.9438277523008969,-1.241451517836582,1.198625625912277,1.1406986082460016,0.19957094409500709
7,14,0,2,3479.793974739461,3.479793974739461,0.201798409614993,2.8867818537872414,0.25228168711944626,12.615422784927203,0.45474768662268195,0,0.0,-0.8787451450630145,0.7123614623587147,0.6564469487906032,-1.6331258343380415,2.9053348019988485,1.3065325187194088,-0.12075087503396398,0.33827412556328307,3.2949667858686102,-2.0990899625772244,0.20042449863206505,1.1053342197070726
7,15,0,2,1584.9381469510354,1.5849381469510353,0.5270962596315609,4.010634865576496,0.5389758390382569,9.777395274407185,0.35496641485699404,0,0.0,1.4448081016433831,0.7886313275477731,-1.3780194021751346,0.671074399997484,2.6297418754217547,-0.0052766422351008535,0.43755195859233886,1.5433551038802344,0.12623223843139153,0.13346085634442573,0.4102597922130392,-1.1039633793903088
7,16,0,2,3344.979300715317,3.344979300715317,0.3710611747169601,2.81818715784497,0.5198269040797352,10.37232792670558,0.2865135637690002,0,0.0,0.967145226372855,-1.3767252192373591,0.41413613097707086,-1.8098800190862567,3.2466709977009502,1.7015304773163673,-1.0060535564345667,2.241761879540702,-0.3442006001039436,-0.24560445013599597,0.47137440484792564,1.2252740420090975
7,17,0,2,2996.9212735940264,2.9969212735940265,0.46726384565122897,5.331347728633358,0.43497626073546397,14.376332654023035,0.241492826805717,0,0.0,-1.1717511764711357,0.13063022590236337,-0.4438592101583834,0.5989360507965922,-0.03753228154974758,1.5986879337258346,0.8203292305666307,-0.911735934495721,0.33457658340630353,-1.0122370536326128,0.4561513486933364,1.5667709543673007
7,18,0,2,1596.393621447045,1.596393621447045,0.4051128705182847,7.391616252026953,0.6800406046196017,9.139810653573377,0.12627874154530397,0,0.0,0.19857736083106536,0.26126257350235216,-1.367507322922962,1.521730130131166,-1.6797695375175645,1.054848816774666,0.14545573508483206,-1.120504991588221,-1.2159095568306229,1.5796008620986415,0.49942039352665785,-2.6649302679250737
8,1,0,2,1615.182333030777,1.615182333030777,0.26440644846067796,5.472277475415945,0.2780017592396838,8.07942448200825,0.22301723937216505,0,0.0,1.310183132893077,0.18109492047631254,-0.9096862074886326,-0.8870513173442104,-0.12750132300349454,-1.4998353275474,0.7201653748125454,0.7772334178029909,0.12167725627605752,0.6724341390369399,0.8520209808994097,-1.6617471824938361
8,2,0,2,1504.3249154159796,1.5043249154159797,0.4081474464409282,6.029961037783308,0.5310484107315249,9.350842974770746,0.29528257371390226,0,0.0,1.1375033290120196,-0.5189652854702229,-1.6552171608928195,2.468913893762349,-1.1024856410950008,-1.9923279708772044,-0.5499465217600881,1.1927474913066423,-0.6937410414602256,-0.13314771847641693,1.3319777658068201,-1.237987889760483
8,3,0,2,2059.0935024010796,2.0590935024010797,0.3948285710602264,5.427947966733573,0.677044734016554,9.06297409151416,0.20094773770299565,0,0.0,1.4112266115717493,-0.39480593028327254,0.5454920793572668,1.4424790961957568,0.39259683447207583,0.7980859156335517,1.0342436406378737,0.2866174231104872,-0.5525955473127016,1.334066435000183,-0.25075716107083734,-1.1322070544030787
8,4,0,2,1829.9834549147172,1.8299834549147171,0.34567856869001495,5.407359336549058,0.33719835275006943,12.186981372954762,0.17942846597035775,0,0.0,0.01735342342934687,1.5085016749237496,-0.03423596769217763,-0.13707504229635128,-0.9835096751211581,0.13676310667757008,0.21802324766302245,-1.258753933752646,-0.0962370922030164,-1.1796799768554183,-0.3348328459342028,-1.1668660652689684
8,5,0,2,1158.11427334118,1.15811427334118,0.5825288695139845,6.113223082604943,0.38772129340305683,12.599969122202527,0.11596473593927129,0,0.0,-0.8399837398863121,1.43625877893169,-1.177588635695078,0.3116539722215425,-0.44209962857134705,-0.029650741231794342,0.6110698846326525,-1.7111075896324484,1.0592246836483388,-0.14824206792354655,0.042741881033404455,0.29606984102464773
8,6,0,2,2147.1901692838496,2.1471901692838498,0.48940387499310384,4.481513512805331,0.49326327483184396,14.119046312174017,0.09521870016445128,0,0.0,0.5949918777605823,-0.8700652591147849,0.5320772735938603,3.492515659323522,-1.4252421951332588,-0.5495976419951114,-0.43587960778630935,1.0874458464983687,-0.18660863111330683,0.4041846621426426,-0.05321336408682184,2.8131955051963895
8,7,0,2,1312.8665414053435,1.3128665414053435,0.27206200416579407,3.0453309132055093,0.314450445872246,11.204120914606863,0.16545457056238758,0,0.0,-0.2912591501812509,-1.129787533776694,-0.026322538828205233,-1.698913101226561,0.22829946871990447,1.3194043456036049,-1.3636903564637453,0.3006517906682221,0.640626721954676,0.19261172039675134,0.09952696526717925,0.9281623923534249
8,8,0,2,1357.8832658195147,1.3578832658195148,0.18809687709919487,2.9181930720758853,0.3189231499132009,5.944849265333225,0.14815837496265294,0,0.0,1.4484620116976212,0.7734639114078649,1.5423601071994597,-0.4828812095126753,-1.294092859401792,-1.027337678383363,-0.024088917912713392,0.515187412302657,0.9318842769957771,-1.8126345833452289,-0.11708171165146566,-0.2337847335242521
8,9,0,2,1454.5607747632223,1.4545607747632223,0.23826852706115392,4.098999248366722,0.39282975353721283,9.923227397281735,0.01,0,0.0,0.9379315660153749,1.059131026566682,-0.043702216770779706,0.813559178711186,-0.19728710038026087,0.08058243025239002,-1.4966681161803754,0.2910877389555405,-0.38356919573700743,0.5140676419882834,-1.0973939812949023,-0.9940608797252901
8,10,0,2,1703.5066827150147,1.7035066827150147,0.22636495533216372,3.941970012764484,0.3173778393706296,9.916319529107978,0.15714734245939133,0,0.0,-0.6847195243087185,0.19456551276916423,0.522731819795953,-2.5192067202129524,0.1996508969302005,0.815382966501812,0.3236352791091944,-0.47348618530940945,0.4842698734411726,-0.6375129391024152,-0.48620228175731933,0.6465997475363625
8,11,0,2,2076.834127913122,2.0768341279131217,0.38482500127282776,5.124539636816589,0.5025347405548289,12.519257621327508,0.22271393880750207,0,0.0,-0.775481795741849,1.075363210316766,-0.23448571370973578,0.44671198555898317,0.16886337880084057,1.1553278152941835,-0.4520192978679969,-0.6768563558751879,0.512877811460536,-1.9051233054716885,-0.2695330020516884,1.0403167209210789
8,12,0,2,1810.5634352180205,1.8105634352180204,0.3324637981378255,4.185776640836537,0.3270793191206465,8.40434504903155,0.14847086107542348,0,0.0,1.7167634591865426,-0.315171554982217,-1.0479148608090405,1.2785923532725358,-1.047130174931452,-3.1529240597470114,0.02353465593679477,0.5132236220600555,-0.6177118717454269,0.05959837041774424,0.6012166469013762,-0.677558828484688
8,13,0,2,2441.7673084475045,2.4417673084475044,0.414137822424823,4.435634678607648,0.3180393110031282,7.19402283210887,0.35129381883090327,0,0.0,2.0227011565553434,-0.4567873150443396,-0.7407097618149271,0.03607285741150823,2.2758367632595844,-3.056709798081729,0.3774288943221658,1.6379576000232035,-0.20047964919971778,0.23197695436055626,0.905001099972225,-1.1769024413325808
8,14,0,2,2304.7714571632805,2.3047714571632807,0.42442090043674824,6.175523677483911,0.44677951120580567,11.415281731701086,0.3382082692070764,0,0.0,1.5457564627699532,-1.7162984086497521,-1.5638239422825082,1.3186851498502168,1.3864256361561265,0.11631128747242403,-1.324858708907954,2.166203341856277,-1.1618675738088435,1.9667978065090364,1.4855307313688249,-0.3333199950560594
8,15,0,2,2040.4518005327939,2.040451800532794,0.2813025851368648,5.611355544487993,0.6602416586179526,14.229388933870641,0.3404129037352,0,0.0,-0.6660581164242603,-0.044461665610583956,0.19730381749074155,0.6409155964296738,0.38759654788058084,2.192584507445383,-0.11593941459223234,-0.7770178580247764,0.8659535582833467,-0.13315250322458397,0.6617345427482604,-0.5108792999915898
8,16,0,2,1168.3338537722875,1.1683338537722876,0.5577155052207583,5.711944025939163,0.7643885134680756,11.836133662783718,0.28417053879251397,0,0.0,0.3909257252702091,0.18424630267859377,0.19030539050990536,2.451488856038518,-0.3279220916738074,1.0734753668170423,0.4416081600411922,0.408588070762844,-0.3545276955195006,-0.7300548784151126,0.9438675349705931,-0.7362499650296827
8,17,0,2,2246.3051120927485,2.2463051120927484,0.47548512090781536,3.968377818818429,0.47464240756726683,12.630124399297275,0.24912851412665138,0,0.0,-0.6249810031471853,0.05853512853813758,0.573985352212719,1.0270225611856048,-0.6675319592196124,1.7902156417558288,-0.009848194707675006,0.19568716937196545,1.2661489402801158,0.3997948557867488,0.5467632975478667,0.45217456282321533
8,18,0,2,1767.919899747456,1.767919899747456,0.6952765124110237,7.291767462754157,0.3948518419374571,14.012441080741137,0.020880878420240306,0,0.0,-1.8844389827594084,0.2021626097712389,-2.251443062760627,0.937069164166946,-1.6017456431131858,1.1493566997751117,0.9458695484393054,-1.3442953269139961,-1.1196143311364537,1.3898311762375501,-0.5578093093650619,2.5003537670081224
9,1,0,1,1488.001966350755,1.488001966350755,0.1844784350610379,3.0769957337049108,0.33375149554876615,12.392980816590098,0.22794603781923994,0,0.0,-0.34630573822006494,-0.4838742469040385,2.0350295563750183,-2.1857850541261974,-0.16108980965129485,0.22312683844245917,-0.8893150009645392,-0.2554998794276031,0.43326898748101933,-1.2417787823754136,-0.5176154513614659,2.2742486254937146
9,2,0,1,2154.4239538158904,2.1544239538158902,0.2512823999815146,5.130923015201045,0.26297445613755965,11.05046682587723,0.3165372298380283,0,0.0,0.9160382826622292,0.009873961666593933,-1.1332906691327298,0.8098440716764359,1.0182890228098982,0.31303096052276236,-0.8804646252781889,1.2301113840604136,-0.2639853787943603,0.38910628890252663,0.8370757060332107,-1.7033375906435233
9,3,0,1,1116.8509153947216,1.1168509153947217,0.42340745642990224,4.70335348442572,0.539934428730117,12.033706389329494,0.4101482564855284,0,0.0,0.8462307453229123,-2.748152200147349,1.1962387553801852,1.649059600103847,-0.47394964963934144,-1.1838234342495118,-0.7504850709004625,0.1333281381121879,-1.768209936071776,0.5283822515325023,1.2760266160401104,2.577354560215716
9,4,0,1,1368.8035996956019,1.3688035996956018,0.30162952846869745,2.8685130743228395,0.4751811686198779,5.419644532606411,0.25792824886907095,0,0.0,0.05266464063434739,-0.7698061583453825,1.920481971508889,-0.3892742307028162,0.4398558723193654,-0.44678764905822205,0.7038145875623554,-0.12579286957719127,-0.7195607366548514,-0.41929107115592124,0.0677992671089751,-0.19509331315317152
9,5,0,1,987.6360392443593,0.9876360392443593,0.21136616589134874,4.766706617012283,0.12856148944450763,7.587616520437452,0.22321364330721225,0,0.0,-1.1407302638456092,0.7778275744019522,1.581464744285457,-4.970878359932293,2.002993124778042,0.8433666483699399,1.1542660258140969,-1.4586755579357678,1.7473521725165773,-1.0774630103232026,0.7182750117092864,-1.7866755243642491
9,6,0,1,1494.9764276081228,1.4949764276081228,0.13201958693854002,2.5709893258051313,0.32613066744949476,8.515298940268458,0.13229491878860664,0,0.0,0.32429742340310785,-1.0136846395351038,0.29430812066812345,-0.24570773014266767,0.2582036615220107,-1.7883768313476083,-0.7716639317832045,3.477983435976731,-0.7163476353470384,0.7902464091440621,-0.651669226532874,0.10265205893694798
9,7,0,1,993.658122172769,0.993658122172769,0.15091238262299245,4.6711944095065,0.10006339657633584,10.278085353226338,0.07439780673342754,0,0.0,-0.37372695969513914,0.7157983251922643,-0.7770561436368125,-2.8068680549570892,0.07484823902064047,1.2552116361275927,0.590994058139068,-0.48523383206379833,0.14565793360677048,0.7945191084174023,0.45378308172610476,-0.19820446686411103
9,8,0,1,1180.8847156071445,1.1808847156071445,0.05994271308392476,3.5683789499816014,0.32783646574486713,11.844100482804299,0.13513492581705192,0,0.0,-0.5853277528196824,-0.9295975476239229,0.9791839472308155,-1.03671840925281,0.1776918673504944,1.1755156924244952,-0.9048554122492742,-0.864110010012666,1.2024749122403366,-0.4102964979295505,-0.2659819853100838,0.5472405716072598
9,9,0,1,1010.5278530105421,1.0105278530105422,0.1563155499767293,3.685162627587485,0.15110843622493123,5.81810158712288,0.01,0,0.0,-1.0163684526624555,1.9736038692763436,1.2544655732055532,-2.718827103716822,0.9352777494666938,0.49451239990905504,1.968312595775631,-1.9335101405299484,0.8778992057703255,-0.2982495420517336,-0.15063279397731488,-2.3988335655596194
9,10,0,1,2038.1635067225304,2.0381635067225305,0.16696148899918536,3.6959356028019172,0.29347384404834115,3.045081193577351,0.20398564599694358,0,0.0,0.5209364654163042,-0.3455541026627502,0.3528571572859442,-2.0182049793890533,1.0342938234838794,-0.9551155265887245,-0.272388855999544,1.1664217371197623,-0.7604075961649512,0.8091049729579015,1.2518597028072787,-1.339786537548164
9,11,0,1,893.1224898128488,0.8931224898128488,0.10023651943337626,5.962813241782946,0.2861614463862579,6.734956288206236,0.19525414348970532,0,0.0,0.4407182450693606,0.6464352395798635,0.01832230703398089,-1.0863222313181642,-1.2269911534801927,-1.7269071941945264,0.9911443374810439,-1.0227495612373616,-0.5471350644362982,0.1656349727519804,0.8947590242126948,-2.125256774512838
9,12,0,1,1633.4241341254972,1.6334241341254971,0.15596657918419904,2.8500216501465574,0.5661141277190866,6.386187875200736,0.26829411871021475,0,0.0,2.9148423436744264,-0.4250568000249484,-0.445269740914562,2.424862933403263,2.2575417894837986,-2.2857765931036296,-1.6304620013014866,2.1215500081959355,-2.019961970167739,0.8406412514181115,0.060962975927243035,-2.015576562584414
9,13,0,1,1418.7097810572852,1.4187097810572853,0.22362933364640475,5.154190934432031,0.7279446638127081,9.02861580736203,0.31220209872814964,0,0.0,0.18414470466216137,-0.8151858501106155,0.7128072279410326,0.7870281368219597,0.7083274772128539,0.9674570734968506,0.061303111546440026,-0.8200484615210257,-0.11334602008504341,-0.7739655491462758,0.4440707032870978,-1.763548307603047
9,14,0,1,1278.2932741586244,1.2782932741586244,0.5318372021196457,2.8290583716757376,0.36044739266957193,10.394917879759118,0.18330075482200758,0,0.0,-0.5101793775524051,0.43675446158288456,-0.9850051998759948,-0.07241879387310621,2.416003223013275,0.06260871291328247,0.2529367912050228,0.7424354668213476,1.3572310737311808,-0.1811026515623727,-0.46889342901326586,0.7314973816871545
9,15,0,1,1245.492623674638,1.245492623674638,0.4392499573681946,5.390209694763782,0.567483249779944,8.623130647181505,0.2750111274947583,0,0.0,-0.727693479732143,1.2166699101092138,-0.3975234910662334,-0.6525383185248023,2.3044191313907993,0.7594209719694451,0.2707057283351632,0.3664651939773875,-1.0725368976319993,-0.2051488976897537,1.4066767473414696,-1.764855093234055
9,16,0,1,1571.2909764851581,1.5712909764851581,0.35778399068778255,3.278710546101177,0.609165791857448,10.579146345832319,0.15724785487261544,0,0.0,-0.44874182661197004,-0.028978974464472396,0.1970133667534083,1.8206700504946096,0.25924033423554566,0.385500151912102,-0.04425274527997308,1.0559193748488067,-0.44580920443577843,-0.5098375526271189,-0.8866336422606562,0.3731930217639143
9,17,0,1,1072.2966439507832,1.072296643950783,0.2952091214236031,3.285939873030407,0.43639796032089273,10.059272657309576,0.22393644576805294,0,0.0,-0.1995923296316788,0.2423085043084205,1.1859227890452229,-0.005653738718200879,-0.3357155496688425,-0.5689301907767499,-0.15989925754920198,-1.0611911179381366,0.011860388835269992,-1.638813962396362,0.31419786339187,0.12195662849407995
9,18,0,1,981.1370257725112,0.9811370257725112,0.24609632674548956,3.564474339871805,0.46351820505831026,10.06350479543596,0.07227069668414107,0,0.0,0.3199793033836938,0.5596001153870724,-0.2863072319233178,0.8951689751325809,1.0947571292944145,1.8682898758185984,-0.5760372969445976,0.7467284696011705,0.1692636496601272,1.2124797858257284,-0.6119281582569511,-0.19760929251596293
10,1,0,1,1675.742220118114,1.6757422201181138,0.3585109297222215,5.332722577399678,0.3260186574551182,7.5858822011005,0.2154007376208985,0,0.0,0.9185878658698928,-0.8633754948358022,-0.8458680545628315,-0.5050671326995813,-1.147732371436676,-1.9356506911470321,0.3169031726437105,1.2361734958375017,-1.6281495719678887,1.0371945723056524,1.327116402635154,-0.5256065654266524
10,2,0,1,1155.632956282675,1.155632956282675,0.6546824277843031,5.113211447044271,0.43848330278587705,9.550829736146648,0.25878231945006525,0,0.0,1.6050951814555283,-0.3758022422140125,-0.24068970217804853,-1.1121680147065767,0.15769167461659317,-0.4685059915913707,-0.40779365970865145,0.9519703442734436,-0.1653128544153023,0.6571675984802288,1.6187489626761788,-0.3823019497484631
10,3,0,1,1008.6362660298192,1.0086362660298192,0.3175575532425343,4.152767836820169,0.29726566388128756,7.198338957865629,0.282614437913225,0,0.0,2.214676207908869,-0.2371308419731576,0.5652512466366715,0.8564445806126169,0.5923060519800594,-3.7552471118118333,-0.09335755276381164,0.9401322842457495,-1.4826357036904758,0.22834279106910482,1.7152897659142257,-0.6279325747634359
10,4,0,1,1599.9512581096258,1.5999512581096258,0.32536440432396463,4.695533884529377,0.19062307875555462,14.77127538973242,0.1274965936119014,0,0.0,0.005161931545923093,-3.3543345743895765,-0.9782051201782133,1.935020667463593,-1.262706782992,-1.330488073354965,-1.9862611918052122,1.165555658894629,-1.172719980712253,1.9267236057036854,1.1100826211638788,2.8023339687790654
10,5,0,1,1607.3819603187728,1.607381960318773,0.3185399573207577,4.539319376316124,0.2973546186438372,12.244393876569582,0.19745668726688717,0,0.0,-2.0398296083664835,-0.24151717233494951,0.3538637902067248,-1.7404893166530266,0.731046730657788,1.3292199280644195,0.615738127610549,-1.3005080782947072,0.7134131991222994,-0.5034723950299953,0.26055720149145967,0.4241266687695003
10,6,0,1,1921.7507067274976,1.9217507067274975,0.2649026140719829,4.672879106580888,0.13031329209887035,7.486375417797301,0.12374785761287,0,0.0,-1.3772072652395864,1.6393930478050642,1.601140152289485,-3.5762794273171146,0.1858805316193809,-0.16781856588982658,2.295107189197459,-2.7870879958329247,1.2929702099840392,-1.553307003444971,-0.17170116963584026,-0.17647429852233243
10,7,0,1,930.018323446507,0.930018323446507,0.24332377124932106,3.766733134202121,0.30283661492873665,14.052883971370907,0.01,0,0.0,-1.717687971615615,0.9962083470112204,0.01918914170752417,-3.206737745916804,-0.34038270651983005,3.5194542821550283,0.2874292461416959,-1.207567808172043,2.0814770393597217,0.04191714663515467,-0.9602833205756138,0.8825722868223045
10,8,0,1,949.2431803103251,0.9492431803103251,0.2847976869660125,4.047974596101405,0.43230035981006987,8.246520177968959,0.01,1,73561.42076237213,0.008272919252550581,-0.1503124370587834,-0.04400619400757422,0.8725126945956425,-0.5434086230893245,0.2678461332091174,-0.5543748289741665,0.02884868471309776,-0.15324761674430215,0.6624694890473917,-0.8531721312404763,-0.6432075265952295
10,9,0,1,1278.2805260482367,1.2782805260482366,0.18384544499614747,4.227383617628783,0.3901278436806776,9.820301252110813,0.14800439881678756,0,0.0,-0.38587484796639526,-0.24243878234711458,0.7185692026516001,-0.06269889298904302,-0.3679250537590888,-0.18157585569886925,-1.6098331363093252,0.2876877106050961,0.4467253815327739,-0.8254976244409093,0.9051422096869713,-0.2755633102654904
10,10,0,1,1611.1360317459284,1.6111360317459285,0.0949005522337546,2.7651203364970875,0.26547054215631716,8.338025865676741,0.14515716877149779,0,0.0,1.852035956199085,-2.3290109977189037,0.2469051753694788,2.521764208040447,-0.8935772738604437,-3.2062778885748617,-1.755180386090313,2.2704262637504713,-2.051591281879557,0.666519531562396,-0.19300221691341812,0.6281708671496595
10,11,0,1,1302.4794450961913,1.3024794450961912,0.321694513892726,3.469386600124462,0.4732518673801883,6.623699687923962,0.21356792644935732,0,0.0,1.9745997080666995,0.6898924549286138,0.34185159798574366,0.9828961138663775,0.17714878599438194,-1.0654733572514994,0.24084464359139712,0.14047329032133837,-0.5222728197101448,0.6652439004863029,0.5316115182694467,-0.794913918182893
10,12,0,1,1616.5144328761717,1.6165144328761716,0.12173849859662884,4.50899696573636,0.39483667183073845,8.199531826739165,0.28958580459573435,0,0.0,0.5257898333202505,-2.4122978318142443,1.056870364905543,-1.1531665801857442,-0.8822511005889015,0.1660334078383396,-1.0065923642249965,1.5671306342152629,-0.7930553521089098,0.9955133117273482,1.8655282677752187,-0.2615601820082534
10,13,0,1,1075.8183444888157,1.0758183444888156,0.33017770467887725,5.511410636818198,0.3620347815214588,11.577093984979667,0.361575438002487,0,0.0,0.5191014596425145,-0.6326423502255459,-1.5914082307072994,0.7674867234178722,0.41737841691860744,-1.7208307623522303,-0.28720185980789015,-0.589421345687017,-0.31448951502428085,0.12451459475899163,1.9790537950759113,0.6806665675148527
10,14,0,1,1228.0034004592712,1.2280034004592713,0.5337726141191685,6.080556555910203,0.6161217102467134,11.273363478665058,0.25076759153391104,0,0.0,1.0384862199512268,0.19711468644302133,-2.196981116840554,3.280583369522285,0.8472093592654197,-0.5330421382938995,-1.519948426312762,2.167455529994206,-1.3758832507078111,2.8382244027501513,0.9767360822537927,-1.0577793574464829
10,15,0,1,1671.8176869134916,1.6718176869134915,0.24986491930052748,3.696030740596336,0.25537082161949837,12.826512342871181,0.2822717961761072,0,0.0,-1.4129356809986755,0.7139078699068706,-0.6147186216936082,0.0030489656258386733,0.8809496297369807,-0.9131056618496225,0.449433040967811,-0.13403029439736563,1.5759575177184195,-1.408377775214043,-0.3309273973378509,1.858300507044197
10,16,0,1,1533.4244989758333,1.5334244989758334,0.33229636600093854,3.157681736194304,0.2491921304585562,10.593957984898289,0.239385577113395,0,0.0,0.6432166761825593,-1.0799231707531831,0.5011269391904408,-1.3084169689483716,2.2170835148790577,0.5600328782526491,-0.6029980225871067,0.7144664502091913,0.41483880169072285,0.9354189813166093,-0.3753944081464085,0.579951645752731
10,17,0,1,1072.1896439436705,1.0721896439436704,0.5403424831808898,4.423304015189678,0.6507813997727869,9.953192647543837,0.203186483844499,0,0.0,0.10412108990245811,1.803981071630005,0.46813760576461316,0.7058118211632594,1.267061156630738,1.908014816838985,1.1879105427869676,0.6463810621786732,0.69775100276733,0.5233975359470932,0.5804782900843559,-0.9857905116788587
10,18,0,1,1191.6469575764445,1.1916469575764446,0.08250467845561243,2.6551943876750466,0.39427588319075335,9.790520744835863,0.11568805669002657,0,0.0,-1.6861427973447984,2.125920375599784,0.9933046378841438,-0.2100792007760527,-0.13750161142405215,1.5925790066550045,-0.0527350439834251,-2.075600775653275,0.6725667512701348,-1.6983822969062778,-1.2311414470021127,0.17409024218249344
11,1,2,5,1299.144714559219,1.299144714559219,0.826795117304146,5.079639376908568,0.5392661981120832,13.519828229337408,0.32054630281767876,0,0.0,-0.03480136479707774,1.0108627185001429,-1.217289240432228,1.0793102006577824,1.0743355262235839,-0.09255118538562335,0.018953952812531094,0.9111715527471522,0.17688597951272522,-1.7649938197644137,1.778844382968288,1.8172189783074637
11,2,2,5,2006.9258490339787,2.0069258490339785,0.5959818920312571,6.650933228845541,0.5367311175555866,15.278482353763117,0.3731107525424123,0,0.0,-1.3402288865411818,3.4312008497483806,-1.675638112559896,2.519581559592806,0.005750989892434166,-0.43600286771196145,1.8591305202568056,-1.2236628070430569,1.7145892865751498,-2.553756806988157,1.045479607378803,0.004563915237695837
11,3,2,5,961.1106028040722,0.9611106028040722,0.5457183190415145,5.260384303963684,0.3796849857916418,10.908654796900375,0.28112535070411576,0,0.0,1.6687037887974165,0.09126485233694515,-0.9899143718554473,1.4714621756778736,0.8269416665377349,-1.3003862723936845,0.8076164623270956,0.7972680298250445,-0.3731723249109064,0.6493862002879998,0.6699477016278113,-0.583118459988813
11,4,2,5,1268.846723361869,1.268846723361869,0.6322574597567554,6.206803697448428,0.25229666919391613,14.020664957252924,0.22020369695670217,0,0.0,-0.24224606556030026,0.6993789890189714,-1.0274303695227684,1.6912388199690134,-2.176444411824634,-2.1860470619986643,-0.16894850836268893,-0.521180175322117,-0.4992669873763459,0.20848575581466022,1.5111592747894433,2.5491085367297135
11,5,2,5,1140.9741259225962,1.140974125922596,0.5371570395083355,6.45603466904182,0.5309806126693507,10.51396408428542,0.25862450904494494,0,0.0,0.7242314085174378,1.8878119831623226,-0.16958685852257582,-0.14838662055289273,0.009288637372091728,0.40286883672809976,1.8824681107924452,-0.21883941744404112,0.017380430942699726,-0.8145274733189192,1.5690040898489266,-1.092011870513009
11,6,2,5,1060.8743920360457,1.0608743920360457,0.6464921167702619,6.4438530098463564,0.5658639753780524,19.008308374377478,0.17620911111487228,0,0.0,-3.293982977574559,0.9866364528394279,-1.48317844428788,1.2317463072041615,-1.0051171464480748,1.8790671351485349,1.5509507882393438,-1.7703348446225653,1.0538444530403162,-1.2605235088086444,0.1590156156989064,3.489396214172504
11,7,2,5,907.6021455549151,0.907602145554915,0.3704588097082289,3.5545522331919077,0.34748991296049864,14.351903995590066,0.04458360130064455,0,0.0,-2.116434388912657,-0.15194695827745414,0.11091817693435005,-0.08640790390190312,0.0926040272547341,2.13648512642583,-0.8647527333246785,-0.9548332591848532,2.1994743921960396,1.0400645363584247,-0.6952900967927351,2.5608855132030777
11,8,2,5,900.0998740915942,0.9000998740915942,0.23322040132240007,6.190587464768054,0.34103242533952693,11.281962755735018,0.02946721336277396,0,0.0,-1.058216134093392,2.719495839474625,-0.49472004597316593,0.926622562890586,-0.8903626338391155,-0.630824420548294,0.8395683800562538,-1.6169943927450512,-0.18788754109305347,0.1696702656830723,-0.7039721186212613,-0.8041067919066479
11,9,2,5,932.7915865103287,0.9327915865103287,0.6608101424585344,6.169458057331018,0.5031128068238002,7.950960012254159,0.062152246448430856,0,0.0,0.7383236542022505,0.8197835787688152,-0.29846430136068425,2.715212553060888,-1.118674310304681,-2.3930655303803112,1.7735172222472022,0.6675675814306932,-0.6884591419381584,0.7215551122500206,0.1764318725018865,-2.334877069976222
11,10,2,5,894.5694810982149,0.8945694810982149,0.5707082198734154,5.431693839886575,0.37008292075280014,12.628874222595417,0.01,0,0.0,-0.03987703588948577,2.28453086820802,-1.8695779240813648,2.954861196684985,-1.7787564018161433,-0.8894896165964303,1.4606831744016415,-0.5917749597820606,0.08061568416339188,-0.3483165392612096,-2.348854671489107,-0.5138182184709108
11,11,2,5,1934.359732745154,1.9343597327451538,0.513547577824475,5.147958058203733,0.31932279422124205,13.832569023790798,0.20566186778124118,0,0.0,-1.1042474054643963,0.280281685312508,-0.9155015145219993,1.2105353072503968,0.3913979631091773,-0.3226654517828251,1.7781209279049703,0.5283146683430899,0.4947133001462436,-0.10802708652736909,0.07559943168483052,1.0727466997366444
11,12,2,5,2274.820219776004,2.2748202197760037,0.7525850786882506,6.660809884044034,0.5893377655037688,11.875661663320122,0.3380161008518856,0,0.0,-0.04381840808335136,-1.020922154110041,-1.5775109342454425,0.7559713804065357,-0.6788202676068739,-1.3304070254753566,-0.3004859014900463,0.06838878944659965,-1.2052656653760643,0.47869831466873836,2.218129440628372,0.7599795213447298
11,13,2,5,1840.1438306404623,1.8401438306404623,0.5680497883216141,4.817075991013832,0.6303598649952045,15.394333353459075,0.34769984554455563,0,0.0,0.2860429218714371,-0.3289488828734603,-0.37752885914682205,0.929473737908149,0.02406280700945107,1.1265248727385788,-0.058502940993449715,0.1299103708650886,0.1461930453819934,0.2583045826315374,0.9860524072883424,1.6961601925074166
11,14,2,5,2119.4213168049964,2.1194213168049965,0.7605778310979099,6.1246993405973535,0.666484507803967,11.46460425370058,0.2786709741899665,0,0.0,1.1104101818623224,0.09860941895028263,-1.4695885609656039,-0.08011344302748824,0.5193026400876949,1.8345042330089028,1.5308129303615179,0.7582277933906848,-0.24878158397653405,0.14864375782171493,0.8886200189439661,0.12869798713674158
11,15,2,5,1292.7897968610519,1.2927897968610518,0.5080258924929362,5.783868166046623,0.7270084515862121,12.366302740322352,0.33341566145249923,0,0.0,0.10288450271283184,0.4640910855837709,-0.7318934214527135,-0.31474024321682353,1.7886885595082398,3.663597830504836,0.18588411577280312,-0.9471948054156417,0.23702399742265073,0.6064659343217927,1.0530882000633728,0.5007915232442537
11,16,2,5,1060.7363139549436,1.0607363139549437,0.7095645088517655,6.850999981622326,0.4890306701615549,12.895302738215165,0.340716533941601,0,0.0,-0.5180739327984784,0.5067481495311608,-2.307779951262017,-0.3119852225293287,-0.03945410779352765,1.0717060864303571,0.7625200675900574,0.15963083875778555,-2.1509364347438438,0.32654296122698795,1.9590741478337457,0.9451218921936724
11,17,2,5,1091.8954667467256,1.0918954667467256,0.7127001384953676,4.975392231174196,0.7075544416699443,15.309730126763421,0.13252799204712454,0,0.0,-1.2222506973895524,2.2334335000339993,-0.8582398885455642,3.0951495195842424,1.057326793121316,2.5013751729790745,-0.844095682435107,0.20363739985744125,1.289588459063638,-0.5769372019190597,-0.8445937454635035,0.37961827483658184
11,18,2,5,1132.8280745090287,1.1328280745090287,0.4016343671778498,5.165288405459214,0.3342057926435234,8.325112623143326,0.0980212814644107,0,0.0,-0.18625561016737135,0.3724043604308988,0.14058405513038844,-0.6938700536337288,-2.2117766816283706,-0.9250539841274233,-0.12869764701379005,0.25586208640061003,-0.7171716811017284,-0.10173485721883099,-0.34966406269878714,-1.1178473715921466
12,1,0,3,1144.2591579472733,1.1442591579472732,0.14881174461390634,3.8444259105814145,0.2633135672121987,7.798356693429981,0.28737060532508335,0,0.0,0.5000685540269858,-0.5940907105797074,0.5909637755542629,-1.8546549954968987,0.7407593366180059,-1.2017185940303432,0.6533781536744652,-0.42042181995586486,0.37430014788674326,0.2970341643623502,0.596238996517667,-0.3388348753923217
12,2,0,3,1612.9874923195337,1.6129874923195338,0.18425722024772823,3.7994274397177548,0.2394332790062982,11.587005722158235,0.36518368238759913,0,0.0,3.7658590614268084,-4.19030884749183,-0.8753356478559478,2.733769767419967,-0.18031365993007203,-1.5790542059259929,-2.38152305424829,4.033040376803162,-2.9871942964535223,2.449725494776547,1.468883888159562,1.2484825519680207
12,3,0,3,1463.2403174563492,1.4632403174563493,0.14725383506609516,2.9129794197532286,0.5172233002295699,7.767585893013202,0.23278243396624,0,0.0,0.7919301805398182,0.8385160559113709,0.6407284466533323,1.2273381841376818,-0.2922012691850452,-1.3501225205678717,-0.35198282353020366,0.3896790028377679,-0.035263283341487706,0.2081960608830853,-0.840428086046794,-0.9209314626230394
12,4,0,3,1823.524953848748,1.8235249538487481,0.4111356454069176,6.284275417368724,0.49726614219449117,11.500939041526308,0.27526463780366217,0,0.0,0.7951748638954087,-0.15352055234320472,-0.4006546103305907,1.793504949624489,-1.2128473435453984,-0.628304072308294,0.4413903729946851,-0.17810252187366288,-1.1005176525433094,-0.21042285999607163,1.6222924000807033,0.9808127822036348
12,5,0,3,1841.6150601189267,1.8416150601189267,0.2737530317776568,2.6915033934132464,0.29945487434227974,10.530439883513761,0.10007744785447362,0,0.0,-0.37649743541828473,-0.09562310409818023,-0.18835926217337845,-1.7334117145458392,1.396897988142082,1.5425937797805775,-1.076181297219583,0.9090896652293357,2.57004541630664,-0.29528729863901293,-0.12641605711542414,-0.02905063677055786
12,6,0,3,1174.7682875316505,1.1747682875316505,0.4267101192643969,5.5322577224944425,0.43648638582833404,11.963987917369412,0.17831714069792848,0,0.0,-0.428224175512368,0.1046702478518191,-0.7918810345891716,0.47224796096255395,-1.43151364676337,0.7355852327215677,-0.5586048392885474,-0.45620189084940743,0.2195443140261907,0.880569413236476,2.0829655621986927,1.2677017887886721
12,7,0,3,1822.5486036545626,1.8225486036545626,0.2525453529597798,3.8591770674307266,0.327786926029888,10.607075438907524,0.11832110610260244,0,0.0,0.8651007241030109,-2.763644243275796,0.00725052521585029,0.6199762465679696,-1.5975511231806059,0.7008462470907144,-0.8920611965911432,0.08192204800905523,-1.7323052506488161,2.091688367627654,0.23390283171647827,1.6003724752308421
12,8,0,3,871.4787039268101,0.8714787039268101,0.09297267988120218,5.283930319334571,0.48373002029754103,10.28854590103513,0.023680729689115845,0,0.0,-2.2540421454203883,2.435420905186724,0.3800727182534871,-1.3677719309061116,-1.4743383248622386,2.1979086442071254,1.3173504421894189,-2.5026031883101387,0.0027917959497303357,0.00583319001081628,-0.4736794208531878,-0.7213735642646765
12,9,0,3,967.4652133710111,0.9674652133710111,0.1529072775159407,4.232883703626472,0.2064813773281636,11.74425611416357,0.10885145115376661,0,0.0,-0.8311256944439693,-0.018108512159835055,-0.41193780326809004,-0.4124212602246789,-1.4535066827870156,-0.120748996647,0.16653299615895759,0.31520162869913493,0.27746962651393525,0.9781211837554208,0.06857630642195561,1.028114743891482
12,10,0,3,1170.6615789513412,1.1706615789513413,0.09811982094557942,3.442284215470625,0.41320475596627537,9.759553009321284,0.060289750357932305,0,0.0,-0.8000800422465273,-0.5170671641874361,0.5440711762810952,-0.5259988338151231,-1.1842184159799884,0.2469306305502047,0.481897870234095,-0.5587444581544097,-0.648735353979745,0.5329386734302342,-1.0705244459264,0.23628869790463541
12,11,0,3,1473.1906764245755,1.4731906764245755,0.20149023148224707,4.224938877994312,0.28297960198017763,13.349785077981378,0.11023714514414837,0,0.0,0.3441836218779446,-1.1846867473945564,-0.3247556859782277,1.9046542417648176,-1.231409087960099,-0.35594463479325883,-0.9551972073441845,0.8336801954836152,-0.6272665706371531,1.4497774782833028,0.2544252117806257,1.7489714329787605
12,12,0,3,1486.0820052890583,1.4860820052890582,0.1951472571201617,2.7371818484642905,0.29392815180773024,14.068689429202301,0.1440334774808869,0,0.0,-1.3373319350323774,-0.5505639690769178,0.8624401449435334,2.910355677067561,-1.226319875238364,-0.9952832861116042,0.30245181858958586,-1.370349239103563,1.3553746547096872,-0.9970963697690135,-2.1780678654379924,1.612336992109694
12,13,0,3,1131.2751553203843,1.1312751553203844,0.2749577368004847,4.863711272850367,0.5130971159221291,11.445011218283081,0.3284675044012731,0,0.0,-0.024126335771303853,1.1221358959512293,0.5094900806909333,-0.9729405525553471,0.7388493542873311,0.9005941520412659,1.1441249818265424,-1.835510420697213,1.3279291102107567,-0.017381668911486292,0.9850094014381788,-0.5601091044159543
12,14,0,3,1605.080877555792,1.605080877555792,0.421714576652541,5.322318356355257,0.2905095676751452,10.65685493788875,0.3640525494340216,0,0.0,2.1503883337020278,-4.057645942359422,-0.6943346352685953,0.8262153079053717,-0.2867216471256319,-2.404902333196659,-1.2952821088766835,2.8979183706940757,-1.879515775683259,2.162499917219868,2.9121734784815456,1.1465081469742382
12,15,0,3,1831.9200068689872,1.8319200068689871,0.21181879208743978,5.1369092838368555,0.4979564155065614,9.3576341689208,0.31017193515398356,0,0.0,-0.3358660618761181,1.0933661993068833,0.1940212129205608,-0.49003688825498115,0.5443436940386972,0.6584101031439711,0.578888180511212,-0.9092955524262878,-0.721015540916297,0.6177403877312586,0.9835861171481751,-1.3735739265445421
12,16,0,3,1640.9190632093262,1.6409190632093262,0.1470601615231352,3.155980338392239,0.3838323436609472,9.702442314864056,0.21038510396798185,0,0.0,-0.7313300363451392,0.24715146682094924,0.7624024637771012,-2.4507924173761615,2.223427267979245,1.1586451036547625,-0.6951726510385021,0.3961393003775262,0.6891294749308714,-0.2817117469679594,-0.6705276610072302,-0.6751583269891743
12,17,0,3,1836.390754213168,1.836390754213168,0.5337846170609873,4.4125660468358605,0.858131386883011,7.991529669951925,0.1782515370884461,0,0.0,2.3442339711031726,-2.8918246442798567,-1.7946100258630526,3.0975419802623128,0.909327173606479,0.9407297427317669,-1.8557494931617609,3.3725787321743317,-2.1870588411708325,2.18102755889979,1.048554420355495,-1.3430644974024422
12,18,0,3,1664.6525666484586,1.6646525666484586,0.3257153895403608,4.530608885824163,0.36517412235675867,5.389496295070938,0.12781916366531823,0,0.0,2.237340413151881,0.17851109041505941,-0.4073468611482275,-1.0029551778855677,0.3219701218780714,-1.988985425346843,0.08397127744884281,2.3959141868485228,-1.293332963196733,1.2322816201139857,0.6520499429250285,-1.8625120544059142
13,1,0,4,1622.2644732156189,1.6222644732156188,0.5986607900481151,6.499921994382052,0.5620713832342069,13.173981913756759,0.20377768736092117,0,0.0,0.3168598687971176,1.813044539808635,-2.8783737624370103,2.556274478914616,-1.0748679870633082,-0.9280179414197544,0.8668478579944787,0.3267566819750101,-0.4637350043403858,-0.12545018582535122,0.5694842691510341,-0.8422040070868344
13,2,0,4,961.2846906518495,0.9612846906518495,0.6981092501991196,4.243552665086628,0.40162535401236055,9.064163780823641,0.2856521411524073,0,0.0,1.7415344911656505,-0.6830251603030503,-0.38238775641378836,1.7256263785013692,0.5834501774391165,-1.539075745969155,0.6946963736980017,2.8484945652271563,-0.18510467117345586,-0.1330514937093758,1.754162506106852,0.716530562933949
13,3,0,4,1394.3458038171766,1.3943458038171765,0.8589214142864412,6.770185920155269,0.3511906262990616,9.046846100627885,0.21787065933789262,0,0.0,0.0480107869890945,2.235625581641901,-1.8793430247373961,0.8522367385018235,-0.7031178320019971,-3.0087688476366306,2.896950596083178,-0.0862266256022829,0.05974948664768075,-1.5250917976690985,1.2675345869538956,-1.409109118896407
13,4,0,4,1732.9980796281598,1.7329980796281597,0.5296474573980763,3.9984508354736077,0.38952985646587385,10.427709834541886,0.18981604758661164,0,0.0,-1.0827220618075293,3.4230255331167254,1.6739080125604877,-2.435666055803089,-0.31097676191054635,1.5111168328623175,1.9984616168166371,-2.5476866786083114,2.0483914983828155,-2.0635196582360136,0.143304031263753,1.0424934737157974
13,5,0,4,1527.1283645642795,1.5271283645642795,0.7115394933587431,6.3863883354552735,0.5828066174021663,11.11516377499516,0.2485856644003135,0,0.0,0.1376544525672645,-0.9093531114078077,-1.4346765878798982,1.1430841143675257,-1.2485035100533928,-0.09657507191134895,-1.2208486281986024,1.6927480468296543,-0.7482206978117127,0.44336534507851,1.9814743948965368,0.8611238222421613
13,6,0,4,825.3237742111385,0.8253237742111385,0.5501723199954128,5.591297137687365,0.2903319399731445,11.636993891836012,0.09323172743927646,1,176461.89362189392,-1.041301523289369,1.1687871591996033,-0.00830676794856855,-0.5056573011313472,-0.8875681766667847,-0.3583192591312794,1.3383856532170153,-1.1085156557908393,0.13583771728740457,-0.24246874060950863,-0.4075741918573792,-0.4070458379624454
13,7,0,4,1012.9193277800427,1.0129193277800428,0.5029322726789817,6.132576301761838,0.3873742681207147,11.747853739115607,0.01,0,0.0,-0.1903488230958198,-0.4509667589264612,-1.6114978663736577,1.5590101846038995,-0.25260609382692956,-0.08180016252147346,-1.207717033363267,0.3205248324813077,-1.5927240309688546,1.6052366279765256,-0.271682264727307,-0.42086434061715494
13,8,0,4,773.4420272782512,0.7734420272782512,0.45354406184969825,4.753065509619631,0.4036836436885648,7.773181895351431,0.036078996522809464,0,0.0,0.5984795870771735,1.4050914885554846,-0.38212563865480476,0.07631982776267754,0.24877608931802725,-0.3494078107274968,0.5807969165717606,-0.5715085236157977,1.310221908060515,-0.4621054421260417,-0.6279556579793177,-2.100726011254771
13,9,0,4,1043.602798801206,1.043602798801206,0.45993706135231366,5.793378339222854,0.47476373596326543,9.191333552647404,0.11385217673785564,0,0.0,0.3295203702350542,0.3888775935424643,-1.027671209353414,-0.24218164810370668,-0.46509186745561487,1.0907715351387244,0.936495879101045,0.09642919008030298,-0.4895503838834523,0.7235247795622872,1.4595085130932584,-0.9096433458414325
13,10,0,4,732.2301468224985,0.7322301468224984,0.5311342291632897,6.435189177107892,0.5443232589549702,9.65630433667167,0.24323813943279032,0,0.0,-1.1652518832994854,2.731792819109315,-0.19458645846455022,0.12655121980240003,-0.8861409382630394,-0.2421842954294533,1.808030258150612,-1.0122600252162313,1.2638057058614374,-0.9923513311847828,0.21495967847790487,-1.309289547014651
13,11,0,4,1296.5663525748946,1.2965663525748945,0.26497650210191964,4.589106071187512,0.12248096697497739,10.24710172657228,0.329342353614144,0,0.0,-2.2627831307015835,1.6738367945597772,1.1705081066390828,-1.523305172385084,0.9376483926670143,-0.2976701446927864,1.4957086809629605,-1.465696089867813,2.9309152040196276,-2.9862473812385018,1.148383701135851,-0.2640565759813815
13,12,0,4,1212.8124715672982,1.212812471567298,0.5912528430513175,3.2321852629107095,0.4784638634755765,11.730788982328045,0.31885535609970467,1,419972.84226971894,2.963239291871113,-0.9262289604047929,-0.9601488936126105,2.5369401111462233,2.295853700728391,-1.0178266377674254,-1.7253340261744687,3.321517577165177,-0.7878575579125461,1.1682142703864777,-0.7128226127805155,0.02684328174505557
13,13,0,4,1203.6542669644036,1.2036542669644037,0.7421404911816654,7.72158313909938,0.43471668775511496,11.591518639518213,0.2924266698305967,0,0.0,0.414707591796735,0.28686386703057276,-2.4491803688473253,2.9288893201015656,-1.2903278616460687,-2.434055355667031,0.9997546537326026,0.39459457361722866,-0.5720628646857564,0.5960911452929376,1.755204585726615,-2.1549765810093273
13,14,0,4,1021.9095183907998,1.0219095183907998,0.50921987083532,6.686292123434054,0.7668128814677106,5.617856908128131,0.37397331584576105,0,0.0,3.000671597547754,-0.4711959877617054,-1.6677329258337097,0.8614313575777869,1.1392973258633088,-0.1409079278509629,0.13500955767393163,2.6095838590822287,-2.7279362406737677,1.5488749294134496,2.2010321013107705,-3.6126930954486296
13,15,0,4,1275.6796614362725,1.2756796614362724,0.4955743234491683,6.287469023071942,0.6999445042094725,13.467794919511636,0.22227803640064892,0,0.0,-0.3508028741461965,1.5115147827071815,-1.950811208720412,3.7189360588038967,-0.10669780385497327,0.33709598400598806,-0.5683322581086899,-0.19782103003568005,0.04142678612489037,-0.7935209397497518,-0.18764433513111797,-1.6193523996032377
13,16,0,4,1162.3724324301822,1.1623724324301823,0.8208966878249919,7.245640511140992,0.4687108088650186,13.305384489161133,0.280074568481085,0,0.0,-1.739001458906898,1.474294175758875,-1.821834056585495,-0.6503132596837711,-0.41765566337161,1.1650423895586353,1.6302559494312923,-2.436440487859067,2.244938077722079,-0.8755821522261487,1.4306745834973775,1.4360886561581523
